date,AdrActCnt,CapMrktCurUSD
2013-05-01,83664,1289224863.2577167
2013-05-02,82318,1181072403.7427328
2013-05-03,82210,1070069481.6966926
2013-05-04,70341,1250283521.354362
2013-05-05,72046,1295120354.8237424
2013-05-06,84314,1246998701.4902172
2013-05-07,111196,1241802027.6661525
2013-05-08,101126,1259256954.516318
2013-05-09,82877,1246787690.8437915
2013-05-10,84004,1310944548.467899
2013-05-11,81104,1287061932.2442853
2013-05-12,69104,1280701257.6142762
2013-05-13,82986,1309290368.328104
2013-05-14,84579,1203328284.3548787
2013-05-15,83911,1216221320.3093536
2013-05-16,84369,1260506722.5284374
2013-05-17,78514,1309724907.4601839
2013-05-18,68752,1320050853.4789572
2013-05-19,63144,1307817307.5679665
2013-05-20,72183,1316966680.702922
2013-05-21,82257,1311075950.2803943
2013-05-22,75632,1330841045.243314
2013-05-23,82761,1384488238.2845275
2013-05-24,83234,1443723531.7086804
2013-05-25,69552,1442842700.700099
2013-05-26,69609,1458084131.9281437
2013-05-27,74785,1416455569.2618315
2013-05-28,77841,1411480509.9527013
2013-05-29,79692,1453058332.4655855
2013-05-30,77410,1419399429.3802013
2013-05-31,75957,1434582209.3468971
2013-06-01,66565,1446207401.3631341
2013-06-02,66768,1377596394.872848
2013-06-03,79951,1381873848.829096
2013-06-04,78923,1351501920.6073375
2013-06-05,78551,1359703823.5926514
2013-06-06,73112,1339814370.1351333
2013-06-07,74130,1240591162.2237136
2013-06-08,57561,1229611335.792512
2013-06-09,56850,1125550441.6136785
2013-06-10,61027,1176184371.0284534
2013-06-11,66039,1212170386.11142
2013-06-12,64507,1199975980.6649568
2013-06-13,67482,1143434086.4142456
2013-06-14,74179,1120061949.2339365
2013-06-15,53859,1127965182.1743386
2013-06-16,49113,1118973897.9741032
2013-06-17,57059,1131628982.2687154
2013-06-18,63396,1179042827.4145336
2013-06-19,69066,1180844662.277501
2013-06-20,69393,1180187215.652406
2013-06-21,67982,1147731005.5828898
2013-06-22,58423,1132583770.1846802
2013-06-23,51312,1136113617.0189688
2013-06-24,65308,1122112296.752293
2013-06-25,61404,1108755117.731877
2013-06-26,66298,1118465117.7360034
2013-06-27,59748,1097920368.0880268
2013-06-28,69884,1014602834.5870996
2013-06-29,60173,1007861667.6620928
2013-06-30,49735,1015963076.0984956
2013-07-01,68318,941200729.8550056
2013-07-02,64222,997745649.5225523
2013-07-03,65913,883064123.3690087
2013-07-04,60723,899798285.180964
2013-07-05,60477,767222778.3446608
2013-07-06,55911,754952725.1660111
2013-07-07,49774,820924713.9615768
2013-07-08,63707,842671531.8697886
2013-07-09,67007,853306435.0262109
2013-07-10,65740,969046682.8402269
2013-07-11,73389,997740225.7832277
2013-07-12,79838,1027155020.5523937
2013-07-13,61884,1045148461.7600389
2013-07-14,46805,1026132821.0209177
2013-07-15,63555,1071080758.5093727
2013-07-16,67361,1048445957.748855
2013-07-17,62286,1040300802.3742747
2013-07-18,62207,971279496.8994905
2013-07-19,58937,986247535.3901429
2013-07-20,53871,971455782.516991
2013-07-21,49487,980502571.4748517
2013-07-22,60370,980680504.4855704
2013-07-23,65040,996193006.2832569
2013-07-24,65575,1009997554.0266256
2013-07-25,66060,1033406188.43913
2013-07-26,63241,1031687977.5496287
2013-07-27,51388,1011234977.8688719
2013-07-28,50927,1064162528.9354019
2013-07-29,66163,1070921147.5860305
2013-07-30,71863,1109974490.9137096
2013-07-31,80412,1126113338.875797
2013-08-01,113593,1109809374.1967294
2013-08-02,75758,1104599123.6600635
2013-08-03,58781,1098476608.5801706
2013-08-04,61806,1108785073.3685737
2013-08-05,71751,1122611899.2791588
2013-08-06,71609,1124734225.1187468
2013-08-07,76654,1118080457.817728
2013-08-08,71239,1086342372.6635354
2013-08-09,65764,1066226355.0628031
2013-08-10,57919,1076179830.536225
2013-08-11,54441,1087967756.950172
2013-08-12,104031,1102045453.0971508
2013-08-13,76972,1129194526.9368844
2013-08-14,76346,1145345466.2011495
2013-08-15,74632,1134034630.2359014
2013-08-16,82397,1136581601.4061985
2013-08-17,62108,1152544584.1596513
2013-08-18,57869,1147791400.8145003
2013-08-19,77962,1189978283.6690156
2013-08-20,79492,1210343889.8674977
2013-08-21,85074,1283870902.1012614
2013-08-22,81577,1269649511.6129043
2013-08-23,81517,1249013410.2953281
2013-08-24,63858,1263255684.7992575
2013-08-25,69624,1312409633.4811802
2013-08-26,75443,1301681760.4188888
2013-08-27,95082,1367678672.2776244
2013-08-28,84528,1374681503.3539236
2013-08-29,74770,1381264032.0301712
2013-08-30,88736,1452222118.0856159
2013-08-31,87612,1493551306.6732554
2013-09-01,57043,1519383296.7493238
2013-09-02,63738,1508777714.0791564
2013-09-03,72441,1504949277.878628
2013-09-04,75781,1427936118.6867604
2013-09-05,70530,1426628972.9631388
2013-09-06,75818,1374607454.7940052
2013-09-07,60406,1397829338.2760193
2013-09-08,55602,1377787522.4119706
2013-09-09,75151,1415770494.8897748
2013-09-10,70346,1427518920.9370587
2013-09-11,74178,1485069117.2457135
2013-09-12,78649,1482150941.6341968
2013-09-13,65832,1490131020.7568932
2013-09-14,53427,1455028244.730144
2013-09-15,54408,1464112002.333076
2013-09-16,70731,1477804868.9868808
2013-09-17,73646,1486482610.6092198
2013-09-18,77986,1487083041.575134
2013-09-19,80008,1455765886.6107984
2013-09-20,75867,1441617545.2549329
2013-09-21,66018,1449080977.3270447
2013-09-22,64347,1445208450.868873
2013-09-23,80171,1442810649.675497
2013-09-24,78410,1454407234.0333989
2013-09-25,79801,1452890630.833283
2013-09-26,77792,1465990545.1276073
2013-09-27,77735,1489124478.0489426
2013-09-28,68961,1491934482.4245512
2013-09-29,70490,1496146693.9047122
2013-09-30,80461,1484673719.3693738
2013-10-01,91102,1502757461.9536963
2013-10-02,104703,1226788968.5104427
2013-10-03,90980,1386111008.0966032
2013-10-04,76881,1437999553.268967
2013-10-05,65561,1432331658.9284523
2013-10-06,61903,1445663053.3216774
2013-10-07,78360,1463044622.0613894
2013-10-08,75010,1473700417.4384816
2013-10-09,79805,1488044932.6301763
2013-10-10,81804,1497764877.7302716
2013-10-11,78192,1504862605.3675952
2013-10-12,76060,1512594202.831184
2013-10-13,77953,1567326661.5603995
2013-10-14,83416,1602776719.0893257
2013-10-15,86235,1676584639.7830045
2013-10-16,92582,1639796564.219218
2013-10-17,82808,1704638294.501811
2013-10-18,84996,1812436164.0191128
2013-10-19,96934,1967550543.6234784
2013-10-20,69040,1977012769.8989058
2013-10-21,97064,2137197000.9127238
2013-10-22,110677,2263001755.1394854
2013-10-23,108316,2432875110.4517865
2013-10-24,111952,2312748499.3044214
2013-10-25,100894,2209553671.416236
2013-10-26,72893,2140916179.2362127
2013-10-27,66108,2317266189.9008646
2013-10-28,86585,2338713940.7340603
2013-10-29,86798,2436684646.4208727
2013-10-30,96056,2359843888.083118
2013-10-31,95791,2425105801.679339
2013-11-01,86825,2423220454.341168
2013-11-02,78835,2445209553.9328737
2013-11-03,81991,2511679473.6252046
2013-11-04,102736,2733959063.1337004
2013-11-05,118752,2912477841.573883
2013-11-06,133026,3147464099.4018636
2013-11-07,129067,3470354236.1920714
2013-11-08,131772,3993314855.344433
2013-11-09,129648,3962240225.683655
2013-11-10,114440,3921840037.5561085
2013-11-11,115536,4104700956.19505
2013-11-12,116498,4249589141.2140675
2013-11-13,125199,4728862182.509433
2013-11-14,132404,4996898130.4325485
2013-11-15,119399,4898974235.472226
2013-11-16,103125,5229762080.054528
2013-11-17,109082,5826497052.347042
2013-11-18,171380,7899238895.686412
2013-11-19,205240,6569644605.796869
2013-11-20,161122,7154243418.729311
2013-11-21,192640,8664193685.706888
2013-11-22,168639,9655188371.423534
2013-11-23,146167,10036063848.557404
2013-11-24,123964,9713112909.51581
2013-11-25,143350,9825868339.748943
2013-11-26,187706,11031541043.56595
2013-11-27,192515,11599427444.743038
2013-11-28,201832,12139760581.541885
2013-11-29,188994,13606858893.395243
2013-11-30,163385,13498119326.69448
2013-12-01,164939,11635884342.126692
2013-12-02,179818,12560801212.130325
2013-12-03,173471,12720698338.605394
2013-12-04,186429,13707245929.353367
2013-12-05,185882,12413024442.393896
2013-12-06,165974,9966751946.76221
2013-12-07,148012,8509665399.288915
2013-12-08,115670,9478722082.947544
2013-12-09,156514,10843625557.380884
2013-12-10,157623,11829553963.894165
2013-12-11,151130,10601969953.019356
2013-12-12,129116,10579622451.50643
2013-12-13,146944,10654088610.746973
2013-12-14,147850,10339592472.911236
2013-12-15,141277,10479266163.262644
2013-12-16,180233,8224848384.498593
2013-12-17,156115,8285733865.857125
2013-12-18,181410,6388681645.922192
2013-12-19,157818,8328197861.437323
2013-12-20,158569,7294490540.985549
2013-12-21,124307,7258204826.317184
2013-12-22,124146,7479382499.653171
2013-12-23,151062,8004081993.82038
2013-12-24,132367,7918485708.395576
2013-12-25,127600,8257429632.970653
2013-12-26,124049,9133750877.517038
2013-12-27,128876,8803069849.17756
2013-12-28,112555,8723906479.732147
2013-12-29,129208,8866119604.030235
2013-12-30,152090,8972568474.398039
2013-12-31,118420,8900503870.915493
2014-01-01,96516,9183089853.000948
2014-01-02,138928,9582996402.345802
2014-01-03,143832,9858101001.48251
2014-01-04,116229,10122111479.991653
2014-01-05,134802,11029040879.34003
2014-01-06,179999,11179606610.756802
2014-01-07,141665,9824823598.108446
2014-01-08,146348,10040826131.521137
2014-01-09,134908,10175362594.37829
2014-01-10,128371,10448187786.868982
2014-01-11,130495,10896805298.012081
2014-01-12,115119,10357726631.175535
2014-01-13,153853,10087743753.83846
2014-01-14,129226,9998079805.514896
2014-01-15,135647,10318292540.72622
2014-01-16,130689,10012488124.529272
2014-01-17,128915,9732925495.745897
2014-01-18,106009,9944578844.4719
2014-01-19,108623,10299896608.664618
2014-01-20,180527,10186700742.459932
2014-01-21,160288,10127844874.999235
2014-01-22,150333,10072254626.333914
2014-01-23,149895,9976790593.935719
2014-01-24,144338,9612868029.726162
2014-01-25,125411,9903703940.559462
2014-01-26,125376,10031101355.881351
2014-01-27,171032,9150091927.13254
2014-01-28,158602,9738027140.096823
2014-01-29,142119,9780577243.029943
2014-01-30,151474,9859171086.457367
2014-01-31,146489,9909273006.11288
2014-02-01,138630,10036259444.951326
2014-02-02,132242,10055736698.102499
2014-02-03,175731,9966874027.672
2014-02-04,166548,9884858379.634344
2014-02-05,156535,9695361198.195814
2014-02-06,162066,9440477710.384094
2014-02-07,169400,8800350461.683468
2014-02-08,144461,8384312394.907411
2014-02-09,130842,8506986612.713217
2014-02-10,170337,8485545565.293611
2014-02-11,155297,8320462974.609262
2014-02-12,212833,8098811133.284317
2014-02-13,167617,7595523910.103819
2014-02-14,175329,8291082519.487445
2014-02-15,151828,8115479465.425321
2014-02-16,135691,7732488989.658062
2014-02-17,173737,7835234697.490662
2014-02-18,154278,7787368652.688504
2014-02-19,181354,7744159486.4505205
2014-02-20,179241,7004311226.101361
2014-02-21,180043,7212206643.667632
2014-02-22,152477,7548010095.161955
2014-02-23,162703,7587343600.977682
2014-02-24,217723,6746537217.627364
2014-02-25,209042,6642199671.020905
2014-02-26,198825,7315347427.473482
2014-02-27,186867,7290899751.238482
2014-02-28,202531,6868699958.074753
2014-03-01,174849,7073074065.534709
2014-03-02,161296,6962782218.561885
2014-03-03,239106,8436036495.988573
2014-03-04,230183,8413679684.586359
2014-03-05,204980,8364246723.915033
2014-03-06,191203,8334368086.505348
2014-03-07,181365,7888356429.445989
2014-03-08,171767,7763031842.093222
2014-03-09,172480,8003898568.525569
2014-03-10,209703,7850957580.555816
2014-03-11,192707,7923393434.731565
2014-03-12,201998,7937695874.874137
2014-03-13,198172,8050181562.351055
2014-03-14,185902,7863055683.338156
2014-03-15,146037,7964671637.612671
2014-03-16,141737,7941722382.914159
2014-03-17,187013,7801357484.821925
2014-03-18,145860,7697737311.570462
2014-03-19,162108,7652583814.036221
2014-03-20,170768,7355554646.774345
2014-03-21,185393,7146128280.472166
2014-03-22,171832,7085878406.695821
2014-03-23,149492,7016828469.400794
2014-03-24,189786,7346774511.362959
2014-03-25,171509,7333342313.479179
2014-03-26,166155,7278772312.146112
2014-03-27,186843,6073523735.479515
2014-03-28,178365,6270499057.06813
2014-03-29,146650,6157654118.851706
2014-03-30,164718,5774962089.454827
2014-03-31,172497,5731575961.734351
2014-04-01,180851,6031346382.543666
2014-04-02,176078,5529894031.99036
2014-04-03,173295,5663560667.076926
2014-04-04,177264,5669265274.405954
2014-04-05,151868,5821952055.152501
2014-04-06,185666,5785324166.341842
2014-04-07,159482,5661150113.948946
2014-04-08,166019,5715004409.203111
2014-04-09,176284,5591013245.689483
2014-04-10,185474,4633836284.859533
2014-04-11,166924,5330629803.531849
2014-04-12,131975,5361782245.308979
2014-04-13,172422,5263741901.896723
2014-04-14,183076,5831654343.278687
2014-04-15,201397,6599262800.161741
2014-04-16,182765,6726202947.40904
2014-04-17,159399,6327838333.005471
2014-04-18,147495,6116863917.009782
2014-04-19,140534,6389184729.202241
2014-04-20,162905,6355840372.112892
2014-04-21,146354,6313963464.213946
2014-04-22,179152,6207070836.842334
2014-04-23,159425,6223416602.893511
2014-04-24,162087,6385887057.10233
2014-04-25,180567,5920249346.641045
2014-04-26,132791,5830739443.721431
2014-04-27,170979,5572174763.277723
2014-04-28,168952,5609904516.174707
2014-04-29,168752,5690108831.428476
2014-04-30,166313,5706462614.309296
2014-05-01,154174,5852383319.245921
2014-05-02,143085,5753039376.083322
2014-05-03,116433,5585899281.339317
2014-05-04,159490,5558240188.076007
2014-05-05,144154,5504384772.499356
2014-05-06,166298,5478334250.699367
2014-05-07,162643,5633626419.338812
2014-05-08,165833,5612785584.474883
2014-05-09,161587,5771408225.232618
2014-05-10,134895,5825185347.699632
2014-05-11,166228,5601866711.420652
2014-05-12,155388,5631314154.064409
2014-05-13,147074,5604057888.535577
2014-05-14,159121,5680306682.9458
2014-05-15,176226,5709203037.712362
2014-05-16,156212,5733977785.103605
2014-05-17,150165,5742055791.200181
2014-05-18,177463,5715094426.171577
2014-05-19,181571,5722627919.5634575
2014-05-20,192586,6273913162.718684
2014-05-21,157311,6322109034.304464
2014-05-22,162838,6745232578.297365
2014-05-23,177498,6707509362.755702
2014-05-24,123811,6760669281.582313
2014-05-25,187419,7347466289.319052
2014-05-26,167687,7497613476.323514
2014-05-27,182860,7359576774.764471
2014-05-28,183061,7429487155.296797
2014-05-29,169110,7318103409.655448
2014-05-30,153948,7968618784.834808
2014-05-31,144272,8061363103.304023
2014-06-01,192380,8092140707.08794
2014-06-02,175430,8524698178.61551
2014-06-03,185339,8641808154.461592
2014-06-04,172746,8278421132.739148
2014-06-05,182268,8507425132.24688
2014-06-06,173007,8363454618.504367
2014-06-07,143378,8451764871.91981
2014-06-08,172332,8467123090.854522
2014-06-09,162353,8347582865.630778
2014-06-10,182372,8383780238.002945
2014-06-11,173422,8135608711.298166
2014-06-12,172729,7629087562.663396
2014-06-13,173708,7696859223.0173645
2014-06-14,149660,7422437719.846515
2014-06-15,177382,7607913697.277696
2014-06-16,177312,7621562611.521575
2014-06-17,184074,7863277527.037326
2014-06-18,165353,7846955363.483024
2014-06-19,158405,7696045540.252877
2014-06-20,155204,7644281888.102515
2014-06-21,152595,7662969895.204457
2014-06-22,185446,7754483949.454892
2014-06-23,162950,7626693090.721792
2014-06-24,174440,7505506467.194579
2014-06-25,174070,7278599165.190245
2014-06-26,158966,7520740158.49939
2014-06-27,166577,7781263113.330779
2014-06-28,144471,7703024797.867047
2014-06-29,175850,7788974904.506178
2014-06-30,181598,8285063972.982666
2014-07-01,185615,8339204790.290086
2014-07-02,179686,8449628746.898273
2014-07-03,158572,8388499950.529135
2014-07-04,144187,8186367619.644585
2014-07-05,126478,8186593458.815448
2014-07-06,184532,8243439551.879234
2014-07-07,189077,8092281240.717175
2014-07-08,211510,8121120346.3892145
2014-07-09,187251,8085295133.413474
2014-07-10,167058,8017179778.299042
2014-07-11,169606,8253353630.98008
2014-07-12,156338,8287456960.000429
2014-07-13,185975,8198267373.456794
2014-07-14,164790,8061371837.189572
2014-07-15,176650,8099479060.359118
2014-07-16,168305,8028993953.251208
2014-07-17,173954,8134685025.076656
2014-07-18,168626,8221979325.367268
2014-07-19,148917,8204209766.049147
2014-07-20,190961,8155455986.217747
2014-07-21,161778,8106428368.504001
2014-07-22,169127,8089291599.245129
2014-07-23,174755,8090895378.982156
2014-07-24,176149,7872516830.51784
2014-07-25,177347,7857977844.637788
2014-07-26,140817,7770155179.104974
2014-07-27,182563,7731559647.227796
2014-07-28,174637,7680407552.468033
2014-07-29,170530,7638387993.689982
2014-07-30,180476,7363607117.2669525
2014-07-31,177455,7615187932.454974
2014-08-01,172169,7807670878.872718
2014-08-02,141630,7721730033.748467
2014-08-03,176087,7684663690.325993
2014-08-04,172824,7697736644.3016205
2014-08-05,203179,7624684694.6667
2014-08-06,196452,7631872806.490933
2014-08-07,178997,7684003054.893186
2014-08-08,173005,7725373119.050058
2014-08-09,152677,7727451082.260735
2014-08-10,202330,7735241242.426253
2014-08-11,190879,7528750393.807314
2014-08-12,204689,7463818388.651986
2014-08-13,195738,7203960811.173461
2014-08-14,202135,6637890303.918652
2014-08-15,200423,6577079233.508924
2014-08-16,173929,6860784727.658823
2014-08-17,201320,6547529019.656274
2014-08-18,193767,6170930387.993114
2014-08-19,187448,6407900293.387209
2014-08-20,186763,6782945022.741426
2014-08-21,193528,6840226845.525136
2014-08-22,182975,6800781531.593974
2014-08-23,151274,6552013007.67808
2014-08-24,208310,6702866072.334483
2014-08-25,181249,6614667025.942609
2014-08-26,188274,6751941118.805074
2014-08-27,189509,6731803470.867446
2014-08-28,191762,6682832259.805306
2014-08-29,165055,6719069017.947293
2014-08-30,167970,6621120334.482543
2014-08-31,191406,6322686205.265617
2014-09-01,190403,6271843933.857899
2014-09-02,191326,6272122810.292735
2014-09-03,169050,6267892342.198352
2014-09-04,180670,6476075980.695106
2014-09-05,188565,6334872080.810288
2014-09-06,152934,6362067497.940154
2014-09-07,232778,6333781569.22385
2014-09-08,196424,6211141850.891305
2014-09-09,243692,6272952283.811393
2014-09-10,221162,6331347487.483828
2014-09-11,171772,6326647559.469147
2014-09-12,166122,6285080622.47927
2014-09-13,152145,6339800916.430824
2014-09-14,240833,6311000675.694806
2014-09-15,190655,6273163405.083724
2014-09-16,225014,6162628008.039855
2014-09-17,191063,6060691069.130611
2014-09-18,190890,5671343316.691176
2014-09-19,172255,5234786700.077503
2014-09-20,169941,5464482172.793499
2014-09-21,200712,5324715500.714623
2014-09-22,206729,5332743727.964326
2014-09-23,195635,5834698972.616524
2014-09-24,189719,5639528633.478036
2014-09-25,201394,5452786187.234508
2014-09-26,180341,5397697184.168388
2014-09-27,167251,5336459764.17459
2014-09-28,234946,5003993225.188913
2014-09-29,198246,4972153983.458165
2014-09-30,217696,5189547431.442712
2014-10-01,212669,5106312655.532709
2014-10-02,183913,4969125807.05118
2014-10-03,177578,4772213722.0931835
2014-10-04,172315,4388682580.260336
2014-10-05,247567,4309969413.80805
2014-10-06,193513,4364384310.694091
2014-10-07,200932,4455868952.722568
2014-10-08,189881,4735489718.929568
2014-10-09,188877,4834490053.511129
2014-10-10,196627,4798109635.995668
2014-10-11,164418,4839760837.72777
2014-10-12,250261,5054628618.96669
2014-10-13,207310,5245064708.897221
2014-10-14,222532,5365291551.155062
2014-10-15,205441,5283069667.50673
2014-10-16,184416,5119758564.702796
2014-10-17,180122,5119499232.526596
2014-10-18,176676,5242894153.666233
2014-10-19,236855,5209233125.406048
2014-10-20,201790,5110107339.437174
2014-10-21,206733,5165387968.708736
2014-10-22,201731,5107553013.098544
2014-10-23,198755,4794571841.573631
2014-10-24,196085,4797920118.279345
2014-10-25,202433,4642538389.712173
2014-10-26,214842,4741251517.256755
2014-10-27,225066,4701468719.300907
2014-10-28,205248,4764991907.390336
2014-10-29,200016,4483405058.0089855
2014-10-30,205736,4632838862.435346
2014-10-31,203137,4534584097.182944
2014-11-01,173118,4363577474.228034
2014-11-02,267793,4363182675.13013
2014-11-03,211234,4379538202.27434
2014-11-04,209429,4438697512.256595
2014-11-05,203229,4563041057.09463
2014-11-06,219885,4710975207.975009
2014-11-07,221566,4610456396.269497
2014-11-08,170855,4660062487.584744
2014-11-09,253202,4902623335.337056
2014-11-10,214221,4929479477.777682
2014-11-11,200922,4961998574.957067
2014-11-12,229329,5702349216.989918
2014-11-13,213181,5694744080.086426
2014-11-14,223425,5378743834.818093
2014-11-15,174268,5104708459.692981
2014-11-16,249080,5271091380.8882
2014-11-17,213572,5235948730.382425
2014-11-18,208693,5053130942.788553
2014-11-19,212316,5105131036.931972
2014-11-20,204567,4816608899.340706
2014-11-21,196858,4744260556.958859
2014-11-22,180131,4768701889.690104
2014-11-23,249395,4977255417.37997
2014-11-24,211890,5103432931.307469
2014-11-25,203972,5101446341.234384
2014-11-26,205408,4977788630.808806
2014-11-27,208264,5006179265.651375
2014-11-28,208778,5120924701.342772
2014-11-29,187909,5097729689.693371
2014-11-30,277774,5134678161.082397
2014-12-01,227571,5141626519.731546
2014-12-02,252787,5195071474.504312
2014-12-03,226744,5100781830.036417
2014-12-04,227387,5006189589.777437
2014-12-05,227490,5137728351.69543
2014-12-06,186079,5094341409.984036
2014-12-07,259501,5115922710.427438
2014-12-08,242048,4935062172.837815
2014-12-09,225674,4771784114.212252
2014-12-10,223236,4729191782.833354
2014-12-11,217332,4740155421.832263
2014-12-12,217065,4803918508.264443
2014-12-13,180986,4751499086.572426
2014-12-14,284878,4845769566.826181
2014-12-15,248144,4724725483.753985
2014-12-16,252332,4474321674.239946
2014-12-17,242691,4362121917.476236
2014-12-18,238736,4270715212.2533607
2014-12-19,223509,4336255009.048291
2014-12-20,251036,4498454597.075575
2014-12-21,237992,4375857072.600249
2014-12-22,260678,4525126532.888658
2014-12-23,244340,4584226091.329001
2014-12-24,186732,4407433219.588781
2014-12-25,166473,4353624220.145397
2014-12-26,192091,4494277461.787612
2014-12-27,210729,4314703858.034945
2014-12-28,263683,4330272746.483408
2014-12-29,204682,4277669438.8884897
2014-12-30,204192,4243025008.2295938
2014-12-31,177886,4383931184.775235
2015-01-01,145765,4304761773.784208
2015-01-02,212932,4322014357.174626
2015-01-03,241755,3908737739.401631
2015-01-04,235011,3604547303.4854894
2015-01-05,242515,3765349926.2321243
2015-01-06,215554,3938260925.3637376
2015-01-07,204697,4076070558.884829
2015-01-08,230454,3896376434.109535
2015-01-09,237524,4009200101.3493133
2015-01-10,274443,3787200643.1621675
2015-01-11,249636,3685757426.2708035
2015-01-12,222808,3684814575.287507
2015-01-13,250066,3074962783.802202
2015-01-14,257446,2410541394.676777
2015-01-15,262427,2915078937.6187863
2015-01-16,246341,2850648523.431976
2015-01-17,272389,2744637050.627337
2015-01-18,247184,2900758070.2695274
2015-01-19,255010,2980705663.4190784
2015-01-20,234321,2912963378.7456393
2015-01-21,215260,3133526729.578745
2015-01-22,230504,3213279974.875436
2015-01-23,216750,3206926509.8577337
2015-01-24,201529,3427105944.2266946
2015-01-25,318167,3502692396.5058618
2015-01-26,263343,3771018340.395828
2015-01-27,249279,3645385810.7631927
2015-01-28,198841,3246805002.498614
2015-01-29,217393,3223269286.8193126
2015-01-30,193117,3154330219.3362083
2015-01-31,276120,2995872651.274787
2015-02-01,250290,3131555924.4500365
2015-02-02,228409,3311502260.803948
2015-02-03,241904,3142345617.194963
2015-02-04,228028,3129526308.616017
2015-02-05,217016,2995565459.8899713
2015-02-06,231139,3075423077.971154
2015-02-07,195430,3158106085.1546545
2015-02-08,293810,3095155714.1757636
2015-02-09,232450,3050902424.2926803
2015-02-10,227906,3053351264.7799406
2015-02-11,236742,3034972495.4742723
2015-02-12,232114,3078323766.372731
2015-02-13,312759,3272421689.8762527
2015-02-14,260312,3564959250.338558
2015-02-15,342433,3244997129.4419994
2015-02-16,261678,3254782653.53027
2015-02-17,272213,3377800069.6937027
2015-02-18,246403,3269233640.3151255
2015-02-19,213440,3351651583.637617
2015-02-20,249692,3403317980.1692066
2015-02-21,271126,3405093966.4148803
2015-02-22,273269,3282518444.046001
2015-02-23,253650,3316309401.1681366
2015-02-24,232088,3328225536.113386
2015-02-25,226574,3306512284.302599
2015-02-26,230216,3290861309.8901653
2015-02-27,247223,3542727502.119319
2015-02-28,281000,3541295080.49014
2015-03-01,272256,3621421761.2892575
2015-03-02,286476,3840245961.7741623
2015-03-03,266412,3930075596.130802
2015-03-04,240738,3802326215.6505733
2015-03-05,249736,3842468093.219426
2015-03-06,235826,3802439815.859744
2015-03-07,254894,3846329553.170976
2015-03-08,276241,3832578713.505998
2015-03-09,260611,4039521363.7927403
2015-03-10,242733,4071128369.5521755
2015-03-11,259958,4133172397.643288
2015-03-12,237787,4121701164.2669516
2015-03-13,243732,3984946334.609024
2015-03-14,261423,3953780496.601647
2015-03-15,254579,4005857102.306764
2015-03-16,260952,4064348851.7566133
2015-03-17,226597,3979568774.689359
2015-03-18,251725,3590445029.532207
2015-03-19,261205,3658421733.575413
2015-03-20,236693,3671509176.39957
2015-03-21,251472,3647612342.2447677
2015-03-22,271887,3756313691.7441807
2015-03-23,255115,3727646150.526438
2015-03-24,220798,3450054626.337364
2015-03-25,226737,3449433239.2760806
2015-03-26,232228,3489697647.7331557
2015-03-27,229847,3460630353.820043
2015-03-28,237409,3543442060.8842163
2015-03-29,283051,3400748395.4846
2015-03-30,256087,3476782836.084996
2015-03-31,266605,3426957264.211617
2015-04-01,274206,3462409579.4066143
2015-04-02,249771,3553728796.740825
2015-04-03,240801,3571516036.0615797
2015-04-04,243687,3560051556.978541
2015-04-05,271639,3661481425.4431486
2015-04-06,242694,3595755072.9031677
2015-04-07,269775,3575186989.673343
2015-04-08,253258,3449595061.0982647
2015-04-09,250608,3422837587.9593625
2015-04-10,250196,3311603691.4960895
2015-04-11,270860,3334016203.7726493
2015-04-12,254516,3331011083.015564
2015-04-13,276787,3168453355.0185876
2015-04-14,255342,3088504414.2315445
2015-04-15,227570,3139171565.3623433
2015-04-16,225691,3212774939.3359103
2015-04-17,228675,3133207820.35885
2015-04-18,250243,3142644115.634204
2015-04-19,276814,3141851112.2383986
2015-04-20,245521,3165382222.462423
2015-04-21,243752,3307655935.824973
2015-04-22,265898,3292819357.0900397
2015-04-23,264221,3323312673.1764874
2015-04-24,252037,3261000380.5226407
2015-04-25,268305,3191301062.82119
2015-04-26,275889,3108346068.4578934
2015-04-27,253708,3205299821.835457
2015-04-28,255162,3181112157.8434477
2015-04-29,261510,3183519985.188851
2015-04-30,240159,3334673947.4553585
2015-05-01,225580,3285000343.4349766
2015-05-02,264029,3325293514.7903595
2015-05-03,247646,3395659327.741789
2015-05-04,255868,3375417433.727807
2015-05-05,263807,3334612653.9885497
2015-05-06,270868,3243106562.193165
2015-05-07,259340,3352047328.947801
2015-05-08,298182,3455488162.0896983
2015-05-09,235324,3432551362.7063966
2015-05-10,267176,3405403163.984579
2015-05-11,262404,3427838774.9988194
2015-05-12,273959,3428170514.2198286
2015-05-13,252379,3349034848.944276
2015-05-14,241337,3355591126.3026533
2015-05-15,242013,3364048665.889787
2015-05-16,259761,3341137186.217037
2015-05-17,263667,3358466081.9732075
2015-05-18,239338,3301481333.9296937
2015-05-19,258201,3289343088.645177
2015-05-20,251166,3321612394.0908117
2015-05-21,236381,3341864436.7513223
2015-05-22,248185,3410358036.18389
2015-05-23,222628,3391728868.508885
2015-05-24,282015,3417424495.1609354
2015-05-25,262222,3365613792.1716666
2015-05-26,274566,3363522711.3517814
2015-05-27,258192,3370126970.7481446
2015-05-28,255987,3367403673.12386
2015-05-29,301378,3363904289.7064414
2015-05-30,302015,3309858187.054192
2015-05-31,294212,3263243345.059637
2015-06-01,316894,3176261135.317753
2015-06-02,299987,3206098638.097029
2015-06-03,295631,3205365142.1565685
2015-06-04,270650,3182342189.5647283
2015-06-05,261364,3200072653.718306
2015-06-06,271268,3207189674.672468
2015-06-07,255838,3183111561.398671
2015-06-08,252632,3260414508.051764
2015-06-09,287564,3269777768.248029
2015-06-10,354081,3259595200.8299565
2015-06-11,281625,3274571594.9491153
2015-06-12,296611,3278622378.649739
2015-06-13,282673,3325260566.2108984
2015-06-14,292633,3318868030.226305
2015-06-15,318865,3380869346.4704857
2015-06-16,276646,3590663484.0507946
2015-06-17,322275,3542183372.3240204
2015-06-18,287336,3558055843.2596903
2015-06-19,291461,3498814572.8627467
2015-06-20,259541,3510771420.4449034
2015-06-21,279335,3493198059.1425047
2015-06-22,264629,3533001756.575591
2015-06-23,303390,3493335248.1509156
2015-06-24,267900,3440865164.001366
2015-06-25,227584,3468922344.1708736
2015-06-26,294363,3478734335.532737
2015-06-27,290296,3602123761.0580144
2015-06-28,275010,3567614187.007737
2015-06-29,290419,3677262511.3425407
2015-06-30,312364,3781439208.1940284
2015-07-01,308546,3699019359.316997
2015-07-02,317013,3652758933.862812
2015-07-03,300150,3673002617.364455
2015-07-04,271740,3737419191.377554
2015-07-05,307522,3893228194.4129286
2015-07-06,352954,3863384906.0699086
2015-07-07,321011,3825979032.6740193
2015-07-08,317005,3886025324.261599
2015-07-09,333362,3874055948.766721
2015-07-10,319210,4103255450.2768764
2015-07-11,321077,4224450512.3152328
2015-07-12,313443,4477953762.441359
2015-07-13,299508,4208292844.131373
2015-07-14,288951,4138747805.314685
2015-07-15,268772,4113691144.216646
2015-07-16,278082,4008299274.556173
2015-07-17,248227,4031374810.7913065
2015-07-18,251678,3993397737.869241
2015-07-19,296139,3964601513.393177
2015-07-20,283750,4020884200.643299
2015-07-21,313410,3986295615.052873
2015-07-22,287455,4003387232.698967
2015-07-23,264413,3990624329.55832
2015-07-24,264644,4171970034.347818
2015-07-25,243324,4175992752.527409
2015-07-26,299700,4231965548.6871314
2015-07-27,283647,4249105128.489564
2015-07-28,303847,4264301217.254372
2015-07-29,312401,4185225454.907617
2015-07-30,278623,4162806009.5636835
2015-07-31,299579,4111325610.1084847
2015-08-01,300587,4070111946.409812
2015-08-02,292502,4082075699.521996
2015-08-03,300542,4079743942.970898
2015-08-04,293826,4125555384.4370556
2015-08-05,313235,4083866764.853091
2015-08-06,295447,4036507636.7728324
2015-08-07,283150,4044597118.3642817
2015-08-08,266587,3784607715.8538036
2015-08-09,262571,3856363388.4318967
2015-08-10,292834,3837007827.3308535
2015-08-11,271613,3932144983.2708387
2015-08-12,278802,3885502464.2532706
2015-08-13,272849,3836450981.8437095
2015-08-14,268926,3861519172.3478336
2015-08-15,272413,3798349935.904611
2015-08-16,275996,3755652917.4883866
2015-08-17,293079,3743236411.378361
2015-08-18,293760,3161886892.890434
2015-08-19,280796,3298201251.3114314
2015-08-20,278919,3419645393.423254
2015-08-21,281703,3381065750.108895
2015-08-22,295137,3350585165.128161
2015-08-23,284990,3322788928.251412
2015-08-24,309470,3080697609.050164
2015-08-25,288148,3236956684.2576036
2015-08-26,288944,3288192392.1425223
2015-08-27,270033,3271849435.045794
2015-08-28,296413,3377926168.673827
2015-08-29,290341,3344733031.884487
2015-08-30,280853,3333852748.4216976
2015-08-31,308087,3359066951.922732
2015-09-01,308331,3320136353.9144893
2015-09-02,292511,3343580491.340545
2015-09-03,297285,3309516199.1536436
2015-09-04,260465,3369734261.0245624
2015-09-05,323127,3439481099.3550005
2015-09-06,290712,3511826272.0757103
2015-09-07,318515,3510234381.8466816
2015-09-08,338676,3562723704.108739
2015-09-09,298432,3484056329.6194606
2015-09-10,283028,3485485743.3847766
2015-09-11,317585,3517014443.8737726
2015-09-12,276575,3452198889.6750197
2015-09-13,317231,3368309570.3646865
2015-09-14,311373,3375030516.071478
2015-09-15,324464,3367911560.9604697
2015-09-16,301627,3348913151.4073005
2015-09-17,315192,3410568738.8057647
2015-09-18,320444,3411022493.6568766
2015-09-19,268056,3398091544.278299
2015-09-20,336567,3385967055.0058904
2015-09-21,357635,3319557617.5923653
2015-09-22,348545,3376861757.3471384
2015-09-23,297453,3370539512.07714
2015-09-24,295784,3432689103.062189
2015-09-25,292649,3451503181.423982
2015-09-26,314624,3438496949.835321
2015-09-27,324221,3419600261.104864
2015-09-28,295867,3519771869.2667894
2015-09-29,355812,3481487862.484529
2015-09-30,334445,3473615410.7131124
2015-10-01,297034,3496364654.7323823
2015-10-02,309307,3492888180.829342
2015-10-03,252618,3520164729.941747
2015-10-04,303522,3517865592.2902627
2015-10-05,297239,3540000026.045972
2015-10-06,325721,3628719295.758303
2015-10-07,310175,3582418301.4706674
2015-10-08,301525,3572908937.268152
2015-10-09,274941,3594544173.0514636
2015-10-10,317477,3617688500.228719
2015-10-11,296821,3656429914.913464
2015-10-12,307438,3621485952.20494
2015-10-13,307430,3686765011.9867835
2015-10-14,317192,3727042598.5500207
2015-10-15,360598,3750930547.8923373
2015-10-16,342212,3870347619.255164
2015-10-17,375203,4006701466.036158
2015-10-18,327671,3883162961.001023
2015-10-19,349142,3897238283.402313
2015-10-20,403962,3993478146.2737255
2015-10-21,343508,3953274547.745639
2015-10-22,352887,4063062212.072203
2015-10-23,361424,4111275942.9719906
2015-10-24,378880,4186061085.708387
2015-10-25,371558,4223162195.837915
2015-10-26,371860,4233988576.9765754
2015-10-27,353786,4365910872.377491
2015-10-28,355701,4498127762.504588
2015-10-29,385081,4653528359.828375
2015-10-30,372016,4856113853.881978
2015-10-31,367631,4644794429.499121
2015-11-01,393101,4878720873.406127
2015-11-02,404897,5394270070.549457
2015-11-03,449049,5932954782.927946
2015-11-04,498795,6001984912.541992
2015-11-05,441656,5690464341.778327
2015-11-06,426032,5523536982.471544
2015-11-07,365479,5725363853.894037
2015-11-08,386676,5517726529.270192
2015-11-09,408589,5639092372.258233
2015-11-10,399491,5008011574.29464
2015-11-11,374115,4580771119.302635
2015-11-12,374348,5006229106.120828
2015-11-13,358205,5003958699.460662
2015-11-14,383137,4942356322.479358
2015-11-15,409132,4748951129.88033
2015-11-16,404593,4916703779.861371
2015-11-17,388743,4987994385.318499
2015-11-18,403730,4987714987.439949
2015-11-19,345821,4847511550.504215
2015-11-20,361600,4785085356.666097
2015-11-21,370942,4845432243.699363
2015-11-22,379184,4814289952.83409
2015-11-23,340771,4805130309.6419935
2015-11-24,385973,4760988552.801361
2015-11-25,364221,4896111301.831783
2015-11-26,386928,5303923855.628612
2015-11-27,360234,5349983844.881413
2015-11-28,410729,5311127725.817877
2015-11-29,328208,5538029394.198577
2015-11-30,490103,5624216681.366005
2015-12-01,414541,5404310416.077196
2015-12-02,424374,5356414170.954499
2015-12-03,359444,5387334794.284118
2015-12-04,416094,5419024328.555152
2015-12-05,460264,5810419099.219201
2015-12-06,425554,5871020031.333293
2015-12-07,449269,5902736521.563241
2015-12-08,452823,6180046220.944395
2015-12-09,493312,6239060888.933594
2015-12-10,473257,6212880482.65345
2015-12-11,466766,6784553388.968774
2015-12-12,527840,6517159334.528692
2015-12-13,484886,6496986520.352052
2015-12-14,520571,6627592526.377309
2015-12-15,495314,6953267162.993501
2015-12-16,487898,6798347864.165866
2015-12-17,453218,6831516735.298596
2015-12-18,459189,6937324462.524803
2015-12-19,497028,6912537068.06134
2015-12-20,481622,6626025133.292232
2015-12-21,505331,6560011593.067866
2015-12-22,479097,6526092469.887121
2015-12-23,478167,6638740303.757927
2015-12-24,456965,6838470695.339434
2015-12-25,367825,6837917946.867378
2015-12-26,416167,6277070712.492884
2015-12-27,408582,6346542709.362942
2015-12-28,413657,6323313675.840924
2015-12-29,427804,6479519118.389769
2015-12-30,397910,6401715280.957626
2015-12-31,353317,6457837561.228559
2016-01-01,316781,6534464975.488939
2016-01-02,417966,6532460051.432982
2016-01-03,398443,6469306703.42351
2016-01-04,413159,6521092888.510424
2016-01-05,435291,6511064277.770983
2016-01-06,381359,6482611157.065962
2016-01-07,432867,6913751592.74705
2016-01-08,405522,6839314891.01037
2016-01-09,461784,6776417115.362054
2016-01-10,427477,6759323837.848949
2016-01-11,452499,6768055781.641484
2016-01-12,453665,6660432982.865688
2016-01-13,430325,6519443883.19155
2016-01-14,427750,6483361597.024277
2016-01-15,410879,5549288342.816036
2016-01-16,511206,5856144324.168157
2016-01-17,521728,5773246244.378153
2016-01-18,476975,5810881380.77361
2016-01-19,425484,5710926949.146569
2016-01-20,623972,6353766326.386116
2016-01-21,511702,6184105216.642784
2016-01-22,500516,5758921327.7966585
2016-01-23,466284,5841116434.328447
2016-01-24,492811,6100999519.862752
2016-01-25,528904,5929274269.037928
2016-01-26,528008,5918084970.456126
2016-01-27,531444,5972336901.073853
2016-01-28,513308,5735712764.941531
2016-01-29,529268,5738812666.135164
2016-01-30,490429,5714271472.877843
2016-01-31,484082,5550511097.358207
2016-02-01,616260,5625969536.424808
2016-02-02,675786,5653475162.74413
2016-02-03,542654,5581909720.2582035
2016-02-04,459997,5911470181.268047
2016-02-05,503467,5832510244.835423
2016-02-06,497975,5686190017.949056
2016-02-07,516141,5695769151.661702
2016-02-08,479473,5631255744.936521
2016-02-09,515267,5673860326.918465
2016-02-10,487454,5760041302.285283
2016-02-11,496667,5739921253.413234
2016-02-12,470121,5812313598.53613
2016-02-13,448353,5924880939.0625105
2016-02-14,496649,6178287275.92656
2016-02-15,498129,6075100823.409975
2016-02-16,481206,6194695258.165143
2016-02-17,537228,6322452452.6137295
2016-02-18,496326,6415045581.967839
2016-02-19,523596,6391241912.019307
2016-02-20,489626,6706178212.63841
2016-02-21,531113,6685078456.7543
2016-02-22,537212,6668436550.15795
2016-02-23,550408,6403107527.8156595
2016-02-24,466104,6464764199.589456
2016-02-25,529925,6467867594.878762
2016-02-26,476826,6586375896.899226
2016-02-27,467543,6606052938.349628
2016-02-28,497556,6609859969.216783
2016-02-29,563571,6682642624.205121
2016-03-01,561876,6608331737.859
2016-03-02,553815,6461459062.390082
2016-03-03,575225,6404671328.36886
2016-03-04,513898,6233961495.206634
2016-03-05,530671,6072330074.004094
2016-03-06,409059,6171496150.647174
2016-03-07,421465,6318467554.398567
2016-03-08,460732,6292476529.245213
2016-03-09,504399,6311258537.536384
2016-03-10,445273,6371009645.926015
2016-03-11,434658,6421211644.9934025
2016-03-12,374730,6281138643.087113
2016-03-13,421585,6306111596.723385
2016-03-14,451902,6357014019.848285
2016-03-15,451559,6362353042.38724
2016-03-16,449250,6390867973.469016
2016-03-17,482125,6416576041.291532
2016-03-18,425769,6269222347.2202015
2016-03-19,428645,6274029959.932989
2016-03-20,430803,6320504988.49434
2016-03-21,435918,6314953342.505003
2016-03-22,462080,6392897932.954728
2016-03-23,438399,6406678060.699832
2016-03-24,430544,6349591400.682368
2016-03-25,392195,6394300579.581249
2016-03-26,471861,6402803379.137971
2016-03-27,410531,6536896822.507704
2016-03-28,520539,6499706636.847798
2016-03-29,674110,6392933707.780906
2016-03-30,475833,6347008620.180963
2016-03-31,425668,6397181203.121415
2016-04-01,498916,6417906692.422299
2016-04-02,486983,6458783382.467545
2016-04-03,456249,6465052566.962721
2016-04-04,486496,6458592931.288058
2016-04-05,464749,6505807453.958604
2016-04-06,480231,6498314176.299218
2016-04-07,450348,6493002234.767616
2016-04-08,433298,6451007327.9403925
2016-04-09,428083,6454478064.876989
2016-04-10,444157,6505561857.240202
2016-04-11,476122,6527509950.906425
2016-04-12,504477,6593161960.587395
2016-04-13,497314,6555490264.285653
2016-04-14,466772,6572419903.533024
2016-04-15,439873,6649043796.601012
2016-04-16,407712,6673565144.849327
2016-04-17,485493,6630849314.945404
2016-04-18,473379,6637183962.781343
2016-04-19,480187,6761043337.303435
2016-04-20,458038,6841562099.9402485
2016-04-21,481473,6990143508.851015
2016-04-22,438706,6929440315.019796
2016-04-23,433938,7020454409.392548
2016-04-24,456476,7168422322.656763
2016-04-25,496102,7199804841.369283
2016-04-26,526580,7267999182.169206
2016-04-27,477617,6900043951.223671
2016-04-28,459333,6983903264.735502
2016-04-29,513848,7077832660.236306
2016-04-30,442245,6969368412.862219
2016-05-01,424418,7050293955.871221
2016-05-02,480773,6895888977.65667
2016-05-03,461956,7001369978.823107
2016-05-04,510639,6952690123.6418
2016-05-05,455031,6969443375.667428
2016-05-06,465712,7162989182.068793
2016-05-07,411559,7159568138.094169
2016-05-08,435990,7161770203.628642
2016-05-09,489806,7196090525.872721
2016-05-10,496262,7005610568.348991
2016-05-11,475358,7050864288.957932
2016-05-12,449920,7079025579.234456
2016-05-13,461650,7106161522.326545
2016-05-14,448880,7121450195.375674
2016-05-15,437321,7165616823.04019
2016-05-16,506052,7079627144.895795
2016-05-17,488115,7055125032.882299
2016-05-18,511129,7071491931.675455
2016-05-19,452381,6811999978.674023
2016-05-20,458726,6886364549.898185
2016-05-21,489718,6914102782.41387
2016-05-22,450660,6861331685.040702
2016-05-23,524621,6920120048.621804
2016-05-24,504685,6944649150.451963
2016-05-25,494978,7022168560.478537
2016-05-26,482152,7084240509.987029
2016-05-27,520769,7356919396.270898
2016-05-28,467539,8280061035.23869
2016-05-29,446574,8229583541.719101
2016-05-30,538546,8324219565.025169
2016-05-31,480865,8286125543.839598
2016-06-01,499855,8392142056.81521
2016-06-02,483962,8412070380.875515
2016-06-03,488080,8904430485.988659
2016-06-04,441515,8970015733.465609
2016-06-05,464095,8986071871.279701
2016-06-06,518548,9156045666.777384
2016-06-07,514462,9042608670.669746
2016-06-08,482283,9117057925.561043
2016-06-09,523498,9025689433.957924
2016-06-10,498550,9070211832.259975
2016-06-11,467524,9473581895.175615
2016-06-12,526242,10492201176.714142
2016-06-13,580506,11026059609.860653
2016-06-14,534856,10725031133.659044
2016-06-15,587472,10885085966.449415
2016-06-16,586017,12022161320.349194
2016-06-17,575677,11752287633.592024
2016-06-18,564654,11884933872.63865
2016-06-19,507096,12021211098.170713
2016-06-20,567592,11330122758.99479
2016-06-21,592134,10503151148.649954
2016-06-22,553797,9332237048.74729
2016-06-23,546971,9849731876.21367
2016-06-24,534641,10423845685.070345
2016-06-25,527647,10501041019.007793
2016-06-26,498043,9899873513.681551
2016-06-27,492341,10244767519.42704
2016-06-28,542692,10168218550.19531
2016-06-29,465149,10034928538.06117
2016-06-30,506917,10598433062.777254
2016-07-01,498334,10651789500.955149
2016-07-02,438905,11051022772.079668
2016-07-03,442711,10421572370.090048
2016-07-04,507658,10696138828.81043
2016-07-05,480529,10514851946.741262
2016-07-06,477624,10666493627.992907
2016-07-07,463940,10076877246.439487
2016-07-08,463219,10472859283.711637
2016-07-09,434260,10268410207.252645
2016-07-10,400962,10238451113.804317
2016-07-11,494651,10244547989.054483
2016-07-12,475560,10556900220.416676
2016-07-13,451100,10373781515.222033
2016-07-14,485920,10415480467.018545
2016-07-15,446635,10508840826.728903
2016-07-16,468834,10486771967.510086
2016-07-17,437943,10737317029.688564
2016-07-18,488612,10644433355.511822
2016-07-19,473547,10638288184.507572
2016-07-20,470700,10523563158.025158
2016-07-21,451643,10517518017.163048
2016-07-22,470889,10261661310.934752
2016-07-23,449056,10370234739.627321
2016-07-24,435414,10434613478.864668
2016-07-25,499950,10336696888.097298
2016-07-26,510407,10329969987.225431
2016-07-27,472568,10357038128.45886
2016-07-28,495202,10356911756.93611
2016-07-29,462610,10379602821.876987
2016-07-30,453074,10345916190.862835
2016-07-31,490761,9864724773.474176
2016-08-01,510170,9577030363.562576
2016-08-02,541551,8322263415.354217
2016-08-03,512566,9008295636.527138
2016-08-04,488042,9217820765.3372
2016-08-05,482120,9183311868.82896
2016-08-06,424854,9334869325.41435
2016-08-07,444399,9398174944.829882
2016-08-08,527222,9350234098.001303
2016-08-09,494819,9292714922.542727
2016-08-10,534986,9326018819.417816
2016-08-11,526186,9321071960.972263
2016-08-12,496269,9284313888.685236
2016-08-13,465522,9256602279.376818
2016-08-14,448752,9036749863.285091
2016-08-15,503013,8961511865.131382
2016-08-16,551712,9149930417.512434
2016-08-17,507908,9075653638.946028
2016-08-18,526059,9070420226.495247
2016-08-19,507037,9082525897.22231
2016-08-20,511306,9207694159.296358
2016-08-21,445785,9192974031.110722
2016-08-22,516221,9260287128.25507
2016-08-23,512822,9224249077.876865
2016-08-24,519952,9163192930.24112
2016-08-25,485553,9121877486.946255
2016-08-26,478025,9167825212.519115
2016-08-27,460178,9031484019.237728
2016-08-28,419012,9110255563.839924
2016-08-29,512920,9084774574.864628
2016-08-30,545062,9121861557.01109
2016-08-31,497832,9068583846.810715
2016-09-01,481213,9068776165.730124
2016-09-02,490560,9143179090.84213
2016-09-03,454210,9517044202.16175
2016-09-04,433383,9679536501.88292
2016-09-05,554978,9632847972.86406
2016-09-06,507177,9720597611.282675
2016-09-07,530571,9764017563.179092
2016-09-08,499129,10001305153.76621
2016-09-09,486523,9882305092.323004
2016-09-10,449720,9911668531.040775
2016-09-11,460039,9651049157.894152
2016-09-12,516128,9643730238.31374
2016-09-13,525384,9660647196.728386
2016-09-14,484948,9673243560.642334
2016-09-15,494956,9637224394.641556
2016-09-16,490815,9649967224.211351
2016-09-17,497085,9644457346.260689
2016-09-18,468394,9711494483.764975
2016-09-19,499780,9670230232.92884
2016-09-20,526478,9663444447.739105
2016-09-21,511634,9483191383.893663
2016-09-22,494102,9462301606.76385
2016-09-23,501479,9571587218.917587
2016-09-24,465376,9577740940.488806
2016-09-25,474290,9546117896.70789
2016-09-26,536915,9645324787.899809
2016-09-27,556798,9620722203.564297
2016-09-28,547404,9614446389.372385
2016-09-29,554360,9623733604.422768
2016-09-30,548051,9683066604.838781
2016-10-01,501986,9788324852.837257
2016-10-02,463086,9731190837.240906
2016-10-03,631233,9745737268.449848
2016-10-04,595024,9705857423.9346
2016-10-05,599856,9741183302.076603
2016-10-06,611468,9736257394.045553
2016-10-07,577168,9835157903.195013
2016-10-08,547264,9858675006.110094
2016-10-09,517842,9824887958.640614
2016-10-10,513555,9841514816.562908
2016-10-11,595746,10239043682.012733
2016-10-12,542168,10138537354.268982
2016-10-13,553694,10121177916.06733
2016-10-14,523032,10188237763.530691
2016-10-15,499884,10152694136.809778
2016-10-16,490575,10243420099.577934
2016-10-17,544749,10184264279.616701
2016-10-18,585111,10128752915.953714
2016-10-19,456808,10035141891.05728
2016-10-20,624972,10019590594.072346
2016-10-21,574916,10057661337.450003
2016-10-22,530899,10435141081.461397
2016-10-23,527890,10395711779.677057
2016-10-24,582797,10366022953.71365
2016-10-25,620214,10459102589.225243
2016-10-26,613266,10768355905.425898
2016-10-27,724529,10951796742.256788
2016-10-28,560747,11014802220.446806
2016-10-29,542123,11415870485.88642
2016-10-30,475892,11160250070.845316
2016-10-31,587693,11154581487.060928
2016-11-01,602551,11661529206.407906
2016-11-02,586295,11819005784.706703
2016-11-03,596454,11015326935.815645
2016-11-04,552456,11263702567.809874
2016-11-05,550980,11287152646.526196
2016-11-06,526347,11433480682.43063
2016-11-07,624606,11279602080.232922
2016-11-08,660400,11371425389.707573
2016-11-09,615584,11527158053.369604
2016-11-10,603667,11399343106.154873
2016-11-11,565366,11437483628.03898
2016-11-12,583489,11249497647.672241
2016-11-13,527525,11247212520.857395
2016-11-14,640753,11280973045.061352
2016-11-15,651339,11389530640.510002
2016-11-16,621011,11866029637.542955
2016-11-17,625675,11759839928.483051
2016-11-18,624376,11989295191.841568
2016-11-19,577027,12016781422.212254
2016-11-20,581103,11684215201.375416
2016-11-21,608552,11783981824.937864
2016-11-22,617504,11969083798.737314
2016-11-23,636445,11862317940.850012
2016-11-24,737874,11801632651.3492
2016-11-25,682142,11840334132.94249
2016-11-26,654741,11761186228.25124
2016-11-27,589127,11651843795.124855
2016-11-28,701286,11690828044.043959
2016-11-29,654015,11717234335.108929
2016-11-30,632745,11887637165.36728
2016-12-01,597486,12072731073.248068
2016-12-02,732501,12372495475.014797
2016-12-03,704699,12274946446.74005
2016-12-04,645140,12280685032.174324
2016-12-05,673152,12062431723.948215
2016-12-06,752811,12167169392.183828
2016-12-07,761638,12262923083.656824
2016-12-08,657520,12307255552.189907
2016-12-09,612161,12376584249.493675
2016-12-10,587478,12435140630.466927
2016-12-11,565550,12357110240.990782
2016-12-12,646506,12487098790.320065
2016-12-13,664583,12495634322.765188
2016-12-14,620511,12465433894.538866
2016-12-15,610613,12454036745.728296
2016-12-16,640704,12552466736.264202
2016-12-17,582085,12672198174.115374
2016-12-18,578425,12690122503.858097
2016-12-19,660086,12685933293.704914
2016-12-20,649665,12839787154.972612
2016-12-21,701255,13302288135.986473
2016-12-22,685539,13785965063.437328
2016-12-23,656294,14704000146.304718
2016-12-24,548416,14313545362.846989
2016-12-25,469228,14393261024.898218
2016-12-26,598371,14510491264.447952
2016-12-27,643553,14877782797.919582
2016-12-28,663681,15747603995.54529
2016-12-29,655045,15645002161.928387
2016-12-30,641012,15449532066.495369
2016-12-31,569619,15576503794.393774
2017-01-01,466889,16033166928.507767
2017-01-02,695006,16353848176.394016
2017-01-03,665048,16605694521.70078
2017-01-04,695057,18246345823.22252
2017-01-05,652932,16092973484.82236
2017-01-06,718728,14357044093.61093
2017-01-07,641049,14535387579.870789
2017-01-08,594176,14682600907.602928
2017-01-09,615967,14539700661.885647
2017-01-10,698656,14589634708.700304
2017-01-11,639505,12689026925.135504
2017-01-12,607660,12993296880.857475
2017-01-13,601486,13310975741.108198
2017-01-14,595768,13204837500.057322
2017-01-15,540189,13279051045.178684
2017-01-16,642798,13382120128.68228
2017-01-17,652459,14594958398.362692
2017-01-18,651983,14197645178.668129
2017-01-19,687454,14537996019.982502
2017-01-20,659337,14425881540.14362
2017-01-21,629947,14900046542.109077
2017-01-22,572531,14869799008.144335
2017-01-23,619539,14817362335.954386
2017-01-24,724707,14313248721.796078
2017-01-25,707539,14443045315.825678
2017-01-26,719958,14783083522.672861
2017-01-27,660526,14846112302.752869
2017-01-28,669387,14885292937.069487
2017-01-29,636175,14771981709.629528
2017-01-30,649149,14849161141.89028
2017-01-31,686217,15628390267.653967
2017-02-01,780918,15937898190.377598
2017-02-02,637933,16265430337.177126
2017-02-03,713302,16389955943.816652
2017-02-04,655245,16690201716.68176
2017-02-05,694185,16381947061.863186
2017-02-06,612564,16524823455.991669
2017-02-07,721269,17016217921.256577
2017-02-08,668157,16997840733.15491
2017-02-09,753077,15875484012.417988
2017-02-10,659353,16101828644.843327
2017-02-11,623589,16341484984.268702
2017-02-12,562366,16261183420.522732
2017-02-13,674942,16160716998.968723
2017-02-14,676693,16360999468.017712
2017-02-15,630353,16390083679.675186
2017-02-16,677760,16762275451.099977
2017-02-17,697160,17117738325.423426
2017-02-18,688930,17152060499.026817
2017-02-19,592596,17123393628.768436
2017-02-20,656025,17609003081.47254
2017-02-21,644640,18260629743.43725
2017-02-22,627239,18276271622.23027
2017-02-23,702266,19235588833.46992
2017-02-24,763642,19183431396.255413
2017-02-25,741893,18637526262.688423
2017-02-26,663264,19127391989.75253
2017-02-27,661526,19330923262.651875
2017-02-28,704366,19240074535.181683
2017-03-01,680418,19890848403.35754
2017-03-02,735015,20451484173.712143
2017-03-03,732359,20881944223.053173
2017-03-04,626694,20553283951.317654
2017-03-05,695966,20674403461.622402
2017-03-06,675606,20773565472.502632
2017-03-07,738688,20001880903.960194
2017-03-08,686030,18669841118.503216
2017-03-09,705017,19341556300.89032
2017-03-10,747049,17805304675.138165
2017-03-11,690924,19076489140.277225
2017-03-12,598360,19969225806.41083
2017-03-13,681914,20095461364.369682
2017-03-14,747825,20213663790.264256
2017-03-15,673841,20412350079.661594
2017-03-16,729304,19106964810.720158
2017-03-17,711639,17390758588.155197
2017-03-18,689478,15616177573.012672
2017-03-19,664913,16553582293.813684
2017-03-20,658172,16839878321.34524
2017-03-21,686680,18043669246.004883
2017-03-22,742361,16836417663.129028
2017-03-23,680140,16690135752.548914
2017-03-24,702675,15180766238.538738
2017-03-25,622498,15725921903.451393
2017-03-26,573816,15637233759.264334
2017-03-27,610984,16937423477.862337
2017-03-28,738882,16975887612.950308
2017-03-29,677629,16888765398.051573
2017-03-30,689337,16863262866.302439
2017-03-31,634568,17575951028.326206
2017-04-01,642373,17704176776.530594
2017-04-02,648586,17966971908.71036
2017-04-03,736529,18604950334.220818
2017-04-04,634031,18562153298.209225
2017-04-05,739640,18465129660.738804
2017-04-06,700828,19423001888.395073
2017-04-07,717479,19378832835.411617
2017-04-08,599739,19261932036.87983
2017-04-09,654193,19739484515.00571
2017-04-10,691112,19709437323.626095
2017-04-11,754368,20007000413.811844
2017-04-12,687363,19786756714.34474
2017-04-13,611405,19079940944.324066
2017-04-14,696528,19110862529.702187
2017-04-15,681237,19133066482.241875
2017-04-16,589650,19104759790.45048
2017-04-17,613136,19403226165.03447
2017-04-18,713650,19571960689.193977
2017-04-19,718648,19695082029.62051
2017-04-20,687821,20124510671.79503
2017-04-21,782123,20314924259.503902
2017-04-22,691453,20255522192.61148
2017-04-23,637701,20362991159.518238
2017-04-24,616696,20482848937.33466
2017-04-25,740074,20853825941.358643
2017-04-26,769382,21127120044.954502
2017-04-27,718553,21934673309.8249
2017-04-28,726149,21971111453.645767
2017-04-29,827017,22132640553.97397
2017-04-30,726257,22530412834.84568
2017-05-01,713866,23429544485.43724
2017-05-02,782531,23870678471.227386
2017-05-03,691453,24779696474.704185
2017-05-04,851617,25115973329.482098
2017-05-05,660727,24955664079.91416
2017-05-06,867643,25667501899.429756
2017-05-07,790638,24903613050.387684
2017-05-08,887445,27498797785.214577
2017-05-09,805373,28059281600.7528
2017-05-10,730268,29095216204.956814
2017-05-11,703146,29963230354.115524
2017-05-12,742648,27830857573.16526
2017-05-13,793427,29061763163.496807
2017-05-14,894445,29306338267.741
2017-05-15,824667,28367593222.563637
2017-05-16,653146,28699495338.474564
2017-05-17,765393,29547786219.069435
2017-05-18,742869,30947901332.491676
2017-05-19,805861,32149470136.858223
2017-05-20,854533,33470233811.20102
2017-05-21,778746,33426678945.80987
2017-05-22,781440,33981601940.859753
2017-05-23,872972,36901498030.85388
2017-05-24,811722,39484489321.17492
2017-05-25,847501,37929364613.17057
2017-05-26,814316,37276668052.73388
2017-05-27,892105,33435937257.827652
2017-05-28,848084,36407455222.71084
2017-05-29,771791,37377119026.090485
2017-05-30,851137,35460507433.23308
2017-05-31,818815,37627739544.79903
2017-06-01,837922,39276677605.51853
2017-06-02,723130,40582896889.35235
2017-06-03,879242,41736862989.52303
2017-06-04,739511,41339921429.44849
2017-06-05,767010,43970314462.959076
2017-06-06,802549,47021733324.255165
2017-06-07,877184,44332089813.9106
2017-06-08,823165,45906967852.94541
2017-06-09,762294,45950079689.46565
2017-06-10,696034,47781111553.676346
2017-06-11,670073,48734955097.06733
2017-06-12,726296,43680217096.065926
2017-06-13,768501,44368428524.5129
2017-06-14,740847,40057150815.085464
2017-06-15,797366,39505481201.24847
2017-06-16,730161,40599749113.948616
2017-06-17,659616,43496562773.61849
2017-06-18,628753,41131103916.58712
2017-06-19,725338,42471293996.7641
2017-06-20,745087,44830856447.15171
2017-06-21,755305,43294240942.06711
2017-06-22,728948,44076228598.23766
2017-06-23,718091,44068852430.013145
2017-06-24,638287,42044207205.816605
2017-06-25,537762,40990257366.11178
2017-06-26,705488,39823410570.62217
2017-06-27,696698,41534163466.45112
2017-06-28,738521,42071787287.17281
2017-06-29,628876,41708704320.70874
2017-06-30,715545,40273068762.93179
2017-07-01,641147,39615542859.29813
2017-07-02,604820,41370488523.312035
2017-07-03,660964,41918817680.22454
2017-07-04,718284,42709253031.521
2017-07-05,649605,42851453105.7912
2017-07-06,637761,42775411503.234886
2017-07-07,733315,41015005023.054794
2017-07-08,630307,41968715692.8856
2017-07-09,547682,41195281327.55584
2017-07-10,778061,38130359538.74252
2017-07-11,773747,38132095672.12927
2017-07-12,746872,39053487321.79894
2017-07-13,675427,38545879294.01802
2017-07-14,647312,36429580814.58527
2017-07-15,624607,32728766809.625706
2017-07-16,617297,31435051662.128304
2017-07-17,690739,36456861657.865685
2017-07-18,809612,37909768672.150246
2017-07-19,713341,37145563305.32494
2017-07-20,660126,46479908648.678116
2017-07-21,744868,43888421935.829636
2017-07-22,633583,46587404300.74615
2017-07-23,536910,45333705063.65809
2017-07-24,681339,45371377698.71976
2017-07-25,702031,42140742567.940834
2017-07-26,652653,41546403805.856255
2017-07-27,686889,43904037844.165405
2017-07-28,683771,46029171038.01704
2017-07-29,634637,44594828238.11445
2017-07-30,583526,45307309969.068756
2017-07-31,692282,47178370615.229965
2017-08-01,473639,44954870203.73565
2017-08-02,599118,44346106068.054535
2017-08-03,592805,45992799938.315186
2017-08-04,668144,47161926533.84063
2017-08-05,642015,53387777581.82047
2017-08-06,547079,53272937538.047104
2017-08-07,692078,55958573635.89148
2017-08-08,786340,56511797950.614174
2017-08-09,711839,55223234127.27441
2017-08-10,730801,56710810916.71008
2017-08-11,729508,60404943871.39992
2017-08-12,695821,63886112715.03265
2017-08-13,717839,67074148204.9193
2017-08-14,681161,71055660577.93755
2017-08-15,817719,68677106425.00052
2017-08-16,688962,72062692116.97244
2017-08-17,863099,71145078748.63457
2017-08-18,727394,67850038464.24484
2017-08-19,708914,68713761143.51761
2017-08-20,627940,67489563565.01474
2017-08-21,632318,65956080358.16498
2017-08-22,530992,67310327158.72247
2017-08-23,839588,68517713977.9493
2017-08-24,542527,71479081623.50026
2017-08-25,587663,71935931728.76529
2017-08-26,617917,71757325229.35551
2017-08-27,753881,71814078736.96461
2017-08-28,661017,72397327204.40997
2017-08-29,789243,76053940775.73613
2017-08-30,805068,75835035216.64296
2017-08-31,797023,78386345981.64597
2017-09-01,767441,81337302684.47433
2017-09-02,709832,76002486194.54488
2017-09-03,587110,76512165470.0802
2017-09-04,760792,72377228115.3783
2017-09-05,780357,73700143235.54443
2017-09-06,777010,76248805470.28902
2017-09-07,767722,76715672194.46529
2017-09-08,809056,71931114925.08025
2017-09-09,625612,71776989941.9673
2017-09-10,581564,70563390453.15256
2017-09-11,724503,69756359191.37337
2017-09-12,700869,68967526611.78394
2017-09-13,715683,64385886678.33506
2017-09-14,786448,53797846714.26438
2017-09-15,831698,61289969016.14447
2017-09-16,637532,61496818023.181404
2017-09-17,582453,61515288495.005714
2017-09-18,694432,67629984373.80915
2017-09-19,784159,65073733640.120926
2017-09-20,619406,64582823404.499115
2017-09-21,684987,59973348985.81828
2017-09-22,642171,60012303857.5266
2017-09-23,571954,62613280673.65516
2017-09-24,549507,60983077170.61432
2017-09-25,655510,65000249826.28989
2017-09-26,722077,64531789180.50938
2017-09-27,702387,69809713133.19464
2017-09-28,753933,69486873129.74437
2017-09-29,741184,68952075464.79512
2017-09-30,631821,71938913742.75099
2017-10-01,628817,72735077239.7851
2017-10-02,800519,72822788727.59785
2017-10-03,787242,71499464247.8438
2017-10-04,655363,70014303217.84541
2017-10-05,725883,71726893837.48567
2017-10-06,818384,72507648477.25464
2017-10-07,651679,73727781715.95784
2017-10-08,699283,76427080461.49493
2017-10-09,797851,79373595751.18407
2017-10-10,833834,78777388381.59265
2017-10-11,778349,80013491738.5039
2017-10-12,784446,89640478588.78906
2017-10-13,818187,93313118335.9517
2017-10-14,789672,96176536827.74106
2017-10-15,825816,94596701288.40845
2017-10-16,844162,95711219683.11388
2017-10-17,878509,92966938475.27013
2017-10-18,824566,92868621710.0148
2017-10-19,906491,94950999937.29616
2017-10-20,850614,99830983341.49812
2017-10-21,800937,100330364282.38658
2017-10-22,907439,99784808761.1823
2017-10-23,880240,97994456562.60486
2017-10-24,955565,91840397164.74434
2017-10-25,911228,95486189643.46214
2017-10-26,742163,98234529051.36249
2017-10-27,668740,96104752753.63957
2017-10-28,555227,95951756985.02434
2017-10-29,905041,102829680333.08313
2017-10-30,894901,101917124316.81866
2017-10-31,827896,107078955661.09212
2017-11-01,961473,112054108123.36006
2017-11-02,916882,117354261151.3089
2017-11-03,820113,119944947796.13876
2017-11-04,800708,123653778148.13254
2017-11-05,805781,122844259916.03902
2017-11-06,831790,116425041611.90804
2017-11-07,937089,118654642802.81989
2017-11-08,871573,124219064692.37189
2017-11-09,948030,118673324665.81555
2017-11-10,786879,110393978633.4874
2017-11-11,579558,105834109880.54945
2017-11-12,586355,97208358771.0979
2017-11-13,920515,108732275280.58284
2017-11-14,819127,109959147530.6921
2017-11-15,944172,121064949584.29533
2017-11-16,907472,130693988524.30934
2017-11-17,982559,128963836441.85408
2017-11-18,843076,130097046001.0845
2017-11-19,913898,133820448817.29451
2017-11-20,979917,138036801223.38794
2017-11-21,981593,135085275817.5825
2017-11-22,869698,137731449923.4671
2017-11-23,959240,134776695432.14294
2017-11-24,905792,137476193155.39874
2017-11-25,922777,146306248215.97958
2017-11-26,941512,155672428867.92273
2017-11-27,1061044,162555212918.2686
2017-11-28,1025283,165940133781.83997
2017-11-29,1132724,163753179019.47836
2017-11-30,1086490,167060587956.1334
2017-12-01,1115596,180659157832.94055
2017-12-02,943132,182785463832.00534
2017-12-03,1008744,187475238156.98578
2017-12-04,1155119,193322386457.61038
2017-12-05,1146460,196268293423.88126
2017-12-06,1228561,234016819443.28604
2017-12-07,1065803,284895527864.3471
2017-12-08,1126652,272653093293.32812
2017-12-09,1182172,251800579159.83594
2017-12-10,1073634,258942565166.25024
2017-12-11,1163072,282379648924.7821
2017-12-12,1099485,291792545813.21326
2017-12-13,1251052,276453308738.91064
2017-12-14,1290363,277960419436.3015
2017-12-15,1179313,296398758942.5695
2017-12-16,1132973,328898790191.6653
2017-12-17,1175732,322411617616.1133
2017-12-18,1204183,317958857882.7148
2017-12-19,1046267,295733348356.479
2017-12-20,1027644,275663636517.5711
2017-12-21,998866,261954631857.07034
2017-12-22,1110734,239728949025.90448
2017-12-23,979504,249895523156.71146
2017-12-24,1020552,235098385262.42288
2017-12-25,878323,236037231091.8994
2017-12-26,911656,263660263812.78415
2017-12-27,1037747,258021387628.2183
2017-12-28,999488,239612301936.49872
2017-12-29,1096215,244375993508.84512
2017-12-30,998615,217180538389.02597
2017-12-31,1007208,233524465189.3348
2018-01-01,972783,225887722580.94855
2018-01-02,1142721,247555189825.18134
2018-01-03,1130917,251879335164.34848
2018-01-04,1253986,252918055361.86136
2018-01-05,1069525,285287177348.3089
2018-01-06,1163503,287108308287.3724
2018-01-07,1130388,272505179860.49524
2018-01-08,1157303,250807207092.34372
2018-01-09,1145338,241453646852.43872
2018-01-10,1118949,246362365863.32315
2018-01-11,1222969,221498893134.7169
2018-01-12,1153290,231652981446.49854
2018-01-13,939348,239101104762.35956
2018-01-14,971840,229884291706.0992
2018-01-15,949563,228408095575.09323
2018-01-16,1001819,192121046221.58783
2018-01-17,1090483,187582403000.9115
2018-01-18,1050790,189059547788.13376
2018-01-19,1027992,192348146652.90378
2018-01-20,970060,214707089256.08
2018-01-21,988506,192099954357.02213
2018-01-22,946599,180601416229.53217
2018-01-23,893416,182509946645.00702
2018-01-24,940167,188868250111.49985
2018-01-25,854029,187284665737.6832
2018-01-26,807029,185709056259.20752
2018-01-27,860840,190534317916.2448
2018-01-28,765711,195521978595.3605
2018-01-29,775230,187405821048.5397
2018-01-30,845185,167680159360.35452
2018-01-31,685452,169219353157.63504
2018-02-01,833934,152227586137.84958
2018-02-02,853582,147972357159.3378
2018-02-03,714800,153818002832.45062
2018-02-04,711645,138987436238.7948
2018-02-05,915758,115402453262.58667
2018-02-06,999753,130398654837.1814
2018-02-07,804119,128490337875.27019
2018-02-08,753618,138513689945.96112
2018-02-09,781921,145975503391.69894
2018-02-10,737187,143796839806.9395
2018-02-11,814528,136503442480.99648
2018-02-12,912131,150193661791.17108
2018-02-13,868109,143741453662.46915
2018-02-14,937769,159670278815.20184
2018-02-15,779005,170471136968.4026
2018-02-16,773561,171884074815.12784
2018-02-17,765638,187024145183.5038
2018-02-18,730130,176357479895.8642
2018-02-19,857787,187976194475.86023
2018-02-20,703065,189794491196.21036
2018-02-21,713740,176533469479.5317
2018-02-22,719848,166750223696.01343
2018-02-23,732287,171510918790.79294
2018-02-24,690001,163552082148.23413
2018-02-25,526879,162164887219.03525
2018-02-26,688379,174157924575.1811
2018-02-27,699046,179950653847.5196
2018-02-28,817155,174108312562.12912
2018-03-01,821011,184546671784.8129
2018-03-02,752300,186095856775.39832
2018-03-03,934083,193076418415.27505
2018-03-04,792569,193721221886.4619
2018-03-05,857168,195062277838.5043
2018-03-06,834323,180485923073.3736
2018-03-07,922143,167422408355.8916
2018-03-08,903578,157760715442.6866
2018-03-09,888997,156892740604.11438
2018-03-10,803717,148595551650.91342
2018-03-11,889324,160908118884.2804
2018-03-12,828676,154742152551.37723
2018-03-13,773506,154974273658.91025
2018-03-14,580666,139113345204.63852
2018-03-15,602746,139914335208.60437
2018-03-16,601517,141763494802.30847
2018-03-17,452543,133397116859.14584
2018-03-18,535510,138614553160.81683
2018-03-19,587514,144521631437.14117
2018-03-20,567891,150605270576.65906
2018-03-21,586910,150352052268.78595
2018-03-22,577941,147507258760.04514
2018-03-23,619608,148556200040.70505
2018-03-24,543804,145850435654.0619
2018-03-25,454187,142978872725.61987
2018-03-26,582295,138430269669.80035
2018-03-27,598612,132788146745.29875
2018-03-28,552755,134434473959.64536
2018-03-29,559619,120467251234.39307
2018-03-30,571020,115796633032.0647
2018-03-31,475498,117335340577.4604
2018-04-01,425276,115353102998.06735
2018-04-02,485666,119244423031.53574
2018-04-03,605514,125830051366.80849
2018-04-04,565002,114986059183.08644
2018-04-05,534893,115302512667.86043
2018-04-06,631476,112126583471.01808
2018-04-07,502038,116823177434.98445
2018-04-08,414992,118932810742.21152
2018-04-09,535496,114311672118.16817
2018-04-10,569509,115680131308.85143
2018-04-11,533732,117867416604.65047
2018-04-12,629328,134168090914.60818
2018-04-13,638968,134434525998.6731
2018-04-14,502546,135931151075.12419
2018-04-15,590187,141650187328.7155
2018-04-16,721332,136650419244.81299
2018-04-17,614295,133962175227.62909
2018-04-18,588686,138650636284.67517
2018-04-19,657714,140539709293.91605
2018-04-20,661833,150179023464.4438
2018-04-21,602722,150605063050.8505
2018-04-22,502665,149559305824.3162
2018-04-23,642298,151782579435.7192
2018-04-24,776436,164062766307.80722
2018-04-25,701507,150534451808.20685
2018-04-26,661663,157507070083.46603
2018-04-27,674680,152705064058.8726
2018-04-28,541764,158849307909.90692
2018-04-29,549120,159806033177.31943
2018-04-30,645424,156962282341.70624
2018-05-01,634217,154317464332.45203
2018-05-02,673769,156578190321.41138
2018-05-03,660104,165894741989.1293
2018-05-04,710689,164991759225.75504
2018-05-05,606625,166700806032.87646
2018-05-06,535825,163299488641.55856
2018-05-07,662775,158967333946.10678
2018-05-08,665870,156819276398.11127
2018-05-09,603396,158211127488.79486
2018-05-10,633729,153878517153.77625
2018-05-11,772234,143373321270.3079
2018-05-12,563749,144514968309.0574
2018-05-13,488836,148108395237.23602
2018-05-14,641192,147701005849.94635
2018-05-15,624136,144605949351.01572
2018-05-16,617403,141886841023.80402
2018-05-17,635676,137176558811.93735
2018-05-18,701918,140302690393.97842
2018-05-19,500408,140257123405.43295
2018-05-20,483041,145078058846.0959
2018-05-21,620329,143171421543.0004
2018-05-22,595706,136519507769.1796
2018-05-23,636565,128237740095.40973
2018-05-24,559734,129184935653.37354
2018-05-25,624713,126639121906.13664
2018-05-26,459370,124964285195.88701
2018-05-27,441802,125182133039.21866
2018-05-28,598556,121317311761.56833
2018-05-29,600021,127178919277.39348
2018-05-30,596173,125847610692.34056
2018-05-31,620191,127639489898.68208
2018-06-01,683588,128356441555.94875
2018-06-02,524370,130378486453.76413
2018-06-03,542740,131498835221.0268
2018-06-04,694350,127836651623.76181
2018-06-05,655014,129979115426.49301
2018-06-06,653426,130669884421.2853
2018-06-07,635530,130942715943.34389
2018-06-08,640966,130216094923.58318
2018-06-09,503993,129094774239.7812
2018-06-10,527886,115242359003.2373
2018-06-11,586393,117043566259.51982
2018-06-12,662032,111540186918.58977
2018-06-13,660241,107788509788.8752
2018-06-14,586144,113326173419.85922
2018-06-15,613937,109405258626.73555
2018-06-16,434955,111053766097.57837
2018-06-17,439145,110303511512.67043
2018-06-18,569167,114645451013.78526
2018-06-19,628857,115149244502.8952
2018-06-20,590701,115516336692.9139
2018-06-21,556428,114968985603.38638
2018-06-22,616964,103675812241.77994
2018-06-23,473376,105649754025.73972
2018-06-24,465159,105188245647.2729
2018-06-25,618481,106861339065.99007
2018-06-26,601757,104349523004.11539
2018-06-27,591319,105095896985.98288
2018-06-28,566389,100304632985.26033
2018-06-29,584573,106518869341.18803
2018-06-30,560237,109177747554.53374
2018-07-01,476547,108947319052.5059
2018-07-02,662310,113188557636.73059
2018-07-03,655359,111312877114.31288
2018-07-04,594400,112711825499.79326
2018-07-05,555588,111968645594.2585
2018-07-06,640591,113063968657.09966
2018-07-07,460458,115465661540.18742
2018-07-08,501981,114914482588.65048
2018-07-09,627774,114224903787.80823
2018-07-10,669373,108152793264.32474
2018-07-11,636817,109344538488.59865
2018-07-12,923421,105609244489.61113
2018-07-13,941540,106469386228.2422
2018-07-14,793757,107270752475.55956
2018-07-15,502106,108867474201.12537
2018-07-16,602482,115106821467.19034
2018-07-17,681518,125580721821.3216
2018-07-18,762246,126547867223.5179
2018-07-19,626926,128125010853.07117
2018-07-20,653321,125740705992.64911
2018-07-21,511119,127183034589.3417
2018-07-22,459458,127009676954.65714
2018-07-23,716690,132461306959.85503
2018-07-24,717759,144176409303.43924
2018-07-25,771199,140848438885.07904
2018-07-26,641543,135905971504.21309
2018-07-27,721812,140385333661.0855
2018-07-28,545883,140685035244.0186
2018-07-29,494042,141376644218.0338
2018-07-30,638966,140397962724.83777
2018-07-31,696566,132737425419.33078
2018-08-01,698015,130544828991.51154
2018-08-02,622521,129631238285.99742
2018-08-03,694601,127389185324.80104
2018-08-04,547308,120372201905.84554
2018-08-05,495532,120891309546.94948
2018-08-06,651894,119155942795.5256
2018-08-07,710766,115602331537.64194
2018-08-08,634443,107787129090.23811
2018-08-09,636143,112798970602.05664
2018-08-10,656819,105548153481.91737
2018-08-11,523641,108623509949.61084
2018-08-12,486939,108651957013.71864
2018-08-13,602328,107823291676.77013
2018-08-14,672592,106439624172.6659
2018-08-15,677460,107921713369.36864
2018-08-16,621029,108287593315.59192
2018-08-17,650774,112987854531.11528
2018-08-18,498238,110180882411.00537
2018-08-19,502449,111766836577.27116
2018-08-20,639365,108028823193.54256
2018-08-21,589991,111487195428.20818
2018-08-22,622189,109638677665.2356
2018-08-23,574017,112258698492.89711
2018-08-24,633016,115394585122.42712
2018-08-25,540988,116227908455.6044
2018-08-26,495145,115284878069.69078
2018-08-27,675295,117873365030.67719
2018-08-28,676219,122261446474.46252
2018-08-29,643056,121247278332.51863
2018-08-30,626114,120114930037.10117
2018-08-31,658225,121131550725.81139
2018-09-01,556577,124028288534.0295
2018-09-02,491997,125667820675.12169
2018-09-03,616107,125177334900.4002
2018-09-04,646393,126936865991.23831
2018-09-05,644928,117151754999.24127
2018-09-06,659910,111939859791.32004
2018-09-07,694327,110581749752.29561
2018-09-08,541935,106782343851.27592
2018-09-09,506971,107855616025.27687
2018-09-10,620579,108662608384.24084
2018-09-11,642145,108380864787.66785
2018-09-12,602958,109241940295.64647
2018-09-13,618775,112074557501.76236
2018-09-14,615099,112150595269.43167
2018-09-15,547938,112670904653.23537
2018-09-16,479019,112220037901.27626
2018-09-17,616149,108105991224.44568
2018-09-18,640750,109529380192.13358
2018-09-19,638350,110295088597.76112
2018-09-20,628755,112288488870.2254
2018-09-21,713347,116491363596.52649
2018-09-22,550844,115888008971.52518
2018-09-23,524121,115860149884.8567
2018-09-24,601707,113684243861.49072
2018-09-25,653042,110930242226.68494
2018-09-26,624467,111750680973.86243
2018-09-27,642476,115473953608.52666
2018-09-28,654875,114539547907.19226
2018-09-29,564628,113884047547.05753
2018-09-30,514766,114243175578.8343
2018-10-01,688212,113518016605.85884
2018-10-02,660448,112610666756.3033
2018-10-03,695230,111856548131.17673
2018-10-04,653916,113267427334.0738
2018-10-05,686857,113967980867.0094
2018-10-06,569596,113378166758.79816
2018-10-07,618542,113633692973.18512
2018-10-08,643328,114339270103.70226
2018-10-09,604271,114103170639.18616
2018-10-10,651334,113053154102.98314
2018-10-11,689144,106661330255.67242
2018-10-12,699176,107233068566.12044
2018-10-13,553344,107348052161.21346
2018-10-14,522288,107100406864.61182
2018-10-15,711826,111614357755.5524
2018-10-16,674140,111958262043.08224
2018-10-17,662174,111636608391.73186
2018-10-18,673350,110846228676.42819
2018-10-19,684662,110625312452.34442
2018-10-20,583046,111073074254.35512
2018-10-21,540049,111206991506.71555
2018-10-22,687801,111092745870.69737
2018-10-23,688951,110896223452.83104
2018-10-24,630269,111214183524.86853
2018-10-25,664579,111026107522.98994
2018-10-26,681997,111068486835.02594
2018-10-27,578121,111171246478.5455
2018-10-28,547630,111134376406.18802
2018-10-29,708860,108654957796.83511
2018-10-30,697640,108825354861.77649
2018-10-31,694833,109430710322.48329
2018-11-01,702856,110079075092.29425
2018-11-02,764821,110180510973.50604
2018-11-03,635423,109920163681.27744
2018-11-04,619152,111457353102.79344
2018-11-05,709024,111165512798.97427
2018-11-06,698165,111839004285.48561
2018-11-07,708634,112886579168.95439
2018-11-08,702459,111261944815.82115
2018-11-09,696353,109963021291.86081
2018-11-10,583550,110350898799.03009
2018-11-11,601176,110055044898.53024
2018-11-12,680949,109809736244.71675
2018-11-13,637890,108903259088.7863
2018-11-14,734241,96860221302.46275
2018-11-15,709708,96248717597.61154
2018-11-16,704543,95518040630.4485
2018-11-17,587644,95616231626.28334
2018-11-18,543353,96568300411.74493
2018-11-19,680899,83309665038.67564
2018-11-20,769611,75064932894.56099
2018-11-21,620393,79100846618.07185
2018-11-22,653846,74835214989.0608
2018-11-23,624434,74603295134.03229
2018-11-24,578522,66200481496.81578
2018-11-25,577253,68650951140.12602
2018-11-26,628614,64367371529.5159
2018-11-27,627815,65700289252.32036
2018-11-28,630438,73220546017.23145
2018-11-29,612685,73757876886.60487
2018-11-30,597612,69139707027.07185
2018-12-01,579421,72186769334.42613
2018-12-02,502649,71334198592.29
2018-12-03,586010,66905681722.15499
2018-12-04,671416,67764822761.35068
2018-12-05,609238,64577860936.277374
2018-12-06,655016,61144670013.32361
2018-12-07,658859,58729900521.637
2018-12-08,531426,59343948586.4894
2018-12-09,518114,61656683797.12884
2018-12-10,600210,59452937061.82282
2018-12-11,635401,58395272773.26063
2018-12-12,616176,59627489561.96775
2018-12-13,638713,56799160023.821045
2018-12-14,701381,55735437225.00024
2018-12-15,594065,55499651896.21168
2018-12-16,539434,55684427860.850235
2018-12-17,682984,60984540763.57043
2018-12-18,656410,63785396911.68194
2018-12-19,701481,64458072015.1525
2018-12-20,641537,70914924965.58305
2018-12-21,656212,66935427169.69911
2018-12-22,551516,69138519234.73888
2018-12-23,520086,68758702225.0924
2018-12-24,583425,70464629644.18283
2018-12-25,481186,65615302891.153656
2018-12-26,536230,66426458891.30887
2018-12-27,624625,62557922646.83628
2018-12-28,644439,67723456212.58877
2018-12-29,572182,66719421375.7622
2018-12-30,514111,66767437066.61047
2018-12-31,557851,64362351163.81349
2019-01-01,433715,66480140226.79674
2019-01-02,578607,68060061857.88496
2019-01-03,598436,66080363535.854095
2019-01-04,580495,66840702441.17109
2019-01-05,519070,66343570783.85975
2019-01-06,498140,70671241074.1243
2019-01-07,613474,69892707335.84885
2019-01-08,607366,69754483224.10104
2019-01-09,619701,69965986980.18709
2019-01-10,634499,63397040767.49161
2019-01-11,623617,63338354100.47837
2019-01-12,521168,63219821366.344376
2019-01-13,477843,61332009010.65437
2019-01-14,604549,64105507741.0617
2019-01-15,621686,62614046151.3258
2019-01-16,639811,63069259783.03343
2019-01-17,619396,63654546163.77878
2019-01-18,606378,63123882957.88896
2019-01-19,519467,64491943106.93512
2019-01-20,518578,61893041071.17983
2019-01-21,604061,61852610462.07104
2019-01-22,594573,62587665112.30322
2019-01-23,685141,62149501274.10998
2019-01-24,619376,62431351929.49939
2019-01-25,629078,62328325177.423164
2019-01-26,585285,62259553751.56424
2019-01-27,487233,61925598671.30048
2019-01-28,650793,60136493366.52112
2019-01-29,607365,59455924094.6892
2019-01-30,622377,60198389711.43855
2019-01-31,632855,59718838093.35888
2019-02-01,654356,60337137182.80422
2019-02-02,560738,60639099131.682655
2019-02-03,518121,59788219917.06599
2019-02-04,610696,59765870504.42588
2019-02-05,645414,60036309266.96765
2019-02-06,686774,59010177291.22384
2019-02-07,645404,58866207389.197525
2019-02-08,691966,63318160367.38651
2019-02-09,561955,63478991740.72384
2019-02-10,501124,63849176538.51506
2019-02-11,709903,62954510736.379906
2019-02-12,809914,62912631290.854256
2019-02-13,758224,62712261903.432816
2019-02-14,617275,62470064348.19539
2019-02-15,621340,62529926712.27092
2019-02-16,587666,62882694505.140625
2019-02-17,526787,63556858700.69298
2019-02-18,693311,67834010393.17628
2019-02-19,713530,68355801176.126526
2019-02-20,690103,68997040402.63635
2019-02-21,643083,68312229780.10762
2019-02-22,728261,69303748259.26967
2019-02-23,581866,72152027336.08412
2019-02-24,558515,65909594991.648926
2019-02-25,679440,67107357151.379166
2019-02-26,702086,66661232142.14776
2019-02-27,668278,66724242474.8672
2019-02-28,688385,66618356465.697655
2019-03-01,727984,66936687246.14098
2019-03-02,616539,66925595316.4005
2019-03-03,553981,66453583651.365524
2019-03-04,687289,64980234897.7709
2019-03-05,701551,67481868718.64114
2019-03-06,734311,67696627871.991196
2019-03-07,689254,67772447204.17259
2019-03-08,698786,67486113914.75441
2019-03-09,604793,68743141713.30267
2019-03-10,525757,68636402814.046906
2019-03-11,749756,67722973399.36962
2019-03-12,696573,67859035802.77418
2019-03-13,720085,67743190817.63358
2019-03-14,735928,67782767281.89608
2019-03-15,715166,68636787012.15806
2019-03-16,602121,70190805974.94292
2019-03-17,548345,69799528647.5241
2019-03-18,720573,69847925359.80466
2019-03-19,739893,70326929804.44753
2019-03-20,745772,70941970703.6453
2019-03-21,705159,69991932308.15558
2019-03-22,726789,70133970901.15828
2019-03-23,566705,70104014183.65791
2019-03-24,569884,69915870923.64673
2019-03-25,715056,68823860548.32613
2019-03-26,688572,68998149814.37549
2019-03-27,778566,70929622723.5621
2019-03-28,765998,70653886033.99
2019-03-29,759323,72044617181.57042
2019-03-30,683748,72094536468.24364
2019-03-31,623888,72144407426.98993
2019-04-01,697929,72928511837.76434
2019-04-02,879271,86424523990.81316
2019-04-03,856707,87429243678.5721
2019-04-04,802957,86574903765.80414
2019-04-05,873077,88734657095.24023
2019-04-06,677458,88939665130.7974
2019-04-07,623548,91501063164.41447
2019-04-08,778923,93173850971.95097
2019-04-09,776284,91633263649.93097
2019-04-10,773468,93691843864.06364
2019-04-11,813510,89096740025.2539
2019-04-12,763723,89674280265.74158
2019-04-13,602847,89540456117.10837
2019-04-14,596510,90995377478.97458
2019-04-15,767910,88994562169.30713
2019-04-16,777026,91881692216.07066
2019-04-17,734917,92250564153.54715
2019-04-18,739768,93180899416.67137
2019-04-19,798377,93393056304.89935
2019-04-20,689643,93825862417.04706
2019-04-21,673424,93514542764.35902
2019-04-22,646342,95078673811.43846
2019-04-23,714325,97931104712.61537
2019-04-24,875920,95947917278.75012
2019-04-25,751975,90582486405.83148
2019-04-26,761966,90989528956.62265
2019-04-27,619281,91557451148.3728
2019-04-28,574359,90982423047.75708
2019-04-29,807672,90995226478.3827
2019-04-30,839425,93086646312.97389
2019-05-01,760187,93956247055.4643
2019-05-02,787748,95346643375.08401
2019-05-03,803354,100047725220.7183
2019-05-04,658798,102113257161.60284
2019-05-05,613917,101302705291.91556
2019-05-06,776590,100665077841.23518
2019-05-07,754405,103045294021.27487
2019-05-08,839633,104932468929.86992
2019-05-09,831454,108806392500.6892
2019-05-10,775704,112484221628.55666
2019-05-11,773667,129616460917.03906
2019-05-12,819732,122862594419.89807
2019-05-13,882729,138032382814.82886
2019-05-14,896277,140820072137.78308
2019-05-15,879106,145431381731.40326
2019-05-16,882945,139194281165.00555
2019-05-17,903650,129733515296.03601
2019-05-18,845558,128881004230.61995
2019-05-19,750954,145574664069.06134
2019-05-20,836865,141364972111.36508
2019-05-21,888770,141427517230.11682
2019-05-22,862194,135847466322.5975
2019-05-23,825753,139930198596.70413
2019-05-24,862849,141533553660.64322
2019-05-25,701431,142867668845.3807
2019-05-26,670124,154758245306.18896
2019-05-27,884928,156287836455.3835
2019-05-28,944118,154574557917.51138
2019-05-29,887870,153465206972.5428
2019-05-30,862822,146675645809.65082
2019-05-31,766989,151734802083.51236
2019-06-01,850116,151725858432.60034
2019-06-02,690143,155101923701.62543
2019-06-03,727530,144986880726.59973
2019-06-04,911280,135715984982.11952
2019-06-05,874396,138367954899.15903
2019-06-06,812486,137995871311.06766
2019-06-07,864227,142398874425.0517
2019-06-08,617675,140917883639.34723
2019-06-09,580387,135505562736.99757
2019-06-10,809202,141897744724.65903
2019-06-11,835542,140654723194.9171
2019-06-12,795814,144649767681.24728
2019-06-13,892695,146192657169.59818
2019-06-14,1041358,154472258474.2654
2019-06-15,860753,157198156055.2938
2019-06-16,689588,160213273127.5239
2019-06-17,805931,165931690523.78323
2019-06-18,950212,160737284620.87216
2019-06-19,892254,164984922415.72525
2019-06-20,839162,169651581216.84033
2019-06-21,842659,179207044545.61118
2019-06-22,848072,189921423980.1243
2019-06-23,875010,191885576856.18994
2019-06-24,978017,195639033390.66058
2019-06-25,911584,208497571410.0503
2019-06-26,1035885,228743908514.98798
2019-06-27,891448,197579198121.07367
2019-06-28,1008973,219806390394.21698
2019-06-29,846946,212471408601.2014
2019-06-30,675915,192893862979.7983
2019-07-01,836709,188054836533.45312
2019-07-02,894242,191572815076.09033
2019-07-03,883931,212701280671.49295
2019-07-04,814107,198932256881.8442
2019-07-05,837154,195779255924.42007
2019-07-06,654703,199539253818.18243
2019-07-07,614084,203975542702.92023
2019-07-08,834590,219376353956.16107
2019-07-09,815561,224021230975.77808
2019-07-10,802293,215629126479.17892
2019-07-11,778056,201183259641.46622
2019-07-12,899488,210445706655.5204
2019-07-13,645726,202155589033.93982
2019-07-14,592612,183222223011.25134
2019-07-15,757007,194704461534.61334
2019-07-16,794106,168791758444.1852
2019-07-17,739298,172438862979.07385
2019-07-18,740918,190367634570.60638
2019-07-19,732618,187750651266.95526
2019-07-20,702633,193665325162.42917
2019-07-21,558672,188818886061.12646
2019-07-22,708667,184004626629.38916
2019-07-23,702928,175963591454.6841
2019-07-24,733358,174663348864.64615
2019-07-25,764542,176543962471.52698
2019-07-26,750605,175485365597.11102
2019-07-27,587410,168545324729.98972
2019-07-28,521206,170049120676.19733
2019-07-29,738306,169611741059.691
2019-07-30,737831,171144789262.24026
2019-07-31,786236,179552893039.96875
2019-08-01,752575,185663600899.7117
2019-08-02,775949,187995636118.57108
2019-08-03,612854,193031076581.09784
2019-08-04,583300,196198228092.13147
2019-08-05,807955,210568558007.9181
2019-08-06,850550,204045416188.3736
2019-08-07,819832,213781188501.16107
2019-08-08,815367,213283632611.24994
2019-08-09,749568,211878077389.7985
2019-08-10,596821,201989948339.88333
2019-08-11,550565,206058769073.22626
2019-08-12,660039,203477450140.01294
2019-08-13,873566,194247026152.71283
2019-08-14,750768,179203376208.94946
2019-08-15,701215,184331110834.93027
2019-08-16,706459,185480750975.0089
2019-08-17,565674,182525936050.27747
2019-08-18,526730,184762356323.27872
2019-08-19,711022,194679955535.78107
2019-08-20,743636,192675218123.9637
2019-08-21,784357,180626030877.01556
2019-08-22,808723,181053252826.25583
2019-08-23,791057,186340852608.82037
2019-08-24,700721,181582680924.55017
2019-08-25,513916,180766007715.36856
2019-08-26,759470,185477896690.726
2019-08-27,726784,182015155352.97934
2019-08-28,705437,174096090423.82437
2019-08-29,735396,169774555309.59164
2019-08-30,734849,171501195666.05127
2019-08-31,596235,172010786445.15018
2019-09-01,574358,174856193400.15393
2019-09-02,728155,185879583769.66736
2019-09-03,799532,190226097714.498
2019-09-04,750620,189499919032.44803
2019-09-05,744004,189574477943.6522
2019-09-06,775304,185127327372.95367
2019-09-07,617013,188079718442.25552
2019-09-08,567664,186539229374.468
2019-09-09,769573,185217353459.46936
2019-09-10,807975,180821372958.31525
2019-09-11,783950,181852186603.98666
2019-09-12,757805,186556352212.06952
2019-09-13,759154,185535294724.80194
2019-09-14,652357,185880236553.63382
2019-09-15,554317,184871734710.72012
2019-09-16,779631,184025389806.38568
2019-09-17,777701,182928175635.3786
2019-09-18,855706,182335008771.54587
2019-09-19,733322,184275340089.07263
2019-09-20,742828,182531039220.80646
2019-09-21,625288,179254415005.12704
2019-09-22,606415,180363155234.70966
2019-09-23,735518,174017098072.72247
2019-09-24,840208,154661092904.12317
2019-09-25,783948,151274745517.82645
2019-09-26,739854,145321930429.6905
2019-09-27,714047,147043095582.47012
2019-09-28,619808,147332393618.44443
2019-09-29,564381,144876708488.21008
2019-09-30,750859,148803916514.7677
2019-10-01,750562,149397042721.8758
2019-10-02,717573,150274613052.58777
2019-10-03,708956,148345592160.90897
2019-10-04,712900,146767326338.79993
2019-10-05,636638,146351095556.0878
2019-10-06,555377,141206285787.88333
2019-10-07,734959,147899313786.3891
2019-10-08,715311,147270287407.17877
2019-10-09,701690,154625456579.23495
2019-10-10,743456,154278819679.684
2019-10-11,726820,149110991493.22113
2019-10-12,578474,149734524822.10385
2019-10-13,555407,149164613949.6832
2019-10-14,694167,150170300737.75726
2019-10-15,712296,146845534512.75482
2019-10-16,733220,144037329738.8034
2019-10-17,730671,145287592860.1832
2019-10-18,673650,143266919855.44708
2019-10-19,643714,143085646028.75168
2019-10-20,546144,147875242280.40894
2019-10-21,749935,147854575170.57556
2019-10-22,732596,144586456293.43222
2019-10-23,736263,134316744655.84583
2019-10-24,719988,134263137184.01085
2019-10-25,786680,155932804286.9542
2019-10-26,761194,166630581069.47726
2019-10-27,598714,172202055438.67203
2019-10-28,753434,167912181263.83615
2019-10-29,728736,169946389584.8841
2019-10-30,711325,165486571120.7442
2019-10-31,721957,165004691372.63712
2019-11-01,790414,166751798016.3744
2019-11-02,634816,167647144918.664
2019-11-03,610943,166030720096.80835
2019-11-04,757129,169809075765.17935
2019-11-05,782184,168246968452.96805
2019-11-06,831199,168697792662.7137
2019-11-07,799136,166113240511.8508
2019-11-08,728522,158563288531.5492
2019-11-09,709807,158929965624.46988
2019-11-10,594556,163135487790.4442
2019-11-11,704180,157204392968.1421
2019-11-12,682025,158585915731.34253
2019-11-13,746140,158199619871.92133
2019-11-14,746968,156029084690.90356
2019-11-15,779428,152805221239.1656
2019-11-16,666406,153034112554.89392
2019-11-17,598140,153546374435.28497
2019-11-18,696269,147754246709.6443
2019-11-19,823018,146564658339.21307
2019-11-20,702168,145851914668.34357
2019-11-21,803455,137480717894.71863
2019-11-22,790198,131446951419.75609
2019-11-23,681817,132317341014.17213
2019-11-24,557217,125438020111.19061
2019-11-25,678695,128984010381.13335
2019-11-26,784964,129471791489.54346
2019-11-27,812540,136015452003.77505
2019-11-28,716192,134394712380.75812
2019-11-29,730014,140035753824.32822
2019-11-30,683831,136585605232.84555
2019-12-01,593329,134095575599.21857
2019-12-02,749060,132311649481.68286
2019-12-03,744688,132111542796.4344
2019-12-04,749562,130473486507.88141
2019-12-05,746859,133905907021.29037
2019-12-06,748047,136272863879.84616
2019-12-07,642350,135886841741.42654
2019-12-08,587017,136206094715.73814
2019-12-09,803439,132805669774.65419
2019-12-10,803226,130862566069.28899
2019-12-11,771631,130302159494.60497
2019-12-12,722853,130176306232.11562
2019-12-13,746512,131132158335.25368
2019-12-14,623464,127999800420.60493
2019-12-15,657604,128738145823.27988
2019-12-16,777556,124607959806.08752
2019-12-17,875713,119669002105.71834
2019-12-18,751472,131915496849.08095
2019-12-19,725702,129422222016.77724
2019-12-20,708265,130125371827.72865
2019-12-21,610208,129345551109.7174
2019-12-22,589250,135504182500.00664
2019-12-23,727796,132661061513.20564
2019-12-24,649535,131111985464.01054
2019-12-25,537049,130317953564.19278
2019-12-26,653003,130395775601.22533
2019-12-27,721861,131179357399.31567
2019-12-28,611206,132452581795.07289
2019-12-29,589993,134006582388.63814
2019-12-30,735877,131081294265.5105
2019-12-31,657164,129970082372.67699
2020-01-01,524360,130044373322.33377
2020-01-02,671016,125997729470.88754
2020-01-03,721747,132696546617.9412
2020-01-04,611397,133217241900.65346
2020-01-05,597061,133275140628.50087
2020-01-06,724219,140913446583.5742
2020-01-07,775757,147650387097.9029
2020-01-08,754553,146278447249.11566
2020-01-09,773570,141891415486.24524
2020-01-10,792103,147582148237.81662
2020-01-11,640445,145822905688.42953
2020-01-12,581504,148244692101.63885
2020-01-13,705443,147485275164.1864
2020-01-14,850757,160362182649.783
2020-01-15,759192,160038851605.64972
2020-01-16,739283,158371394895.9236
2020-01-17,756728,161910403912.36755
2020-01-18,649187,162209239871.51678
2020-01-19,622774,157850148001.62512
2020-01-20,741539,156938136300.68027
2020-01-21,756250,158674065182.00272
2020-01-22,771727,157183091622.7691
2020-01-23,789764,152082924891.57303
2020-01-24,720051,153135182382.82776
2020-01-25,665971,151723062490.33078
2020-01-26,544915,155903844151.00037
2020-01-27,726725,161883952905.72913
2020-01-28,812560,169091413723.4613
2020-01-29,767507,169374825966.0464
2020-01-30,765495,172976113948.8801
2020-01-31,762130,170234553906.81723
2020-02-01,743933,170699826042.57828
2020-02-02,706042,169943267782.81885
2020-02-03,879860,168876392941.6707
2020-02-04,764885,166740743006.20737
2020-02-05,823713,175250308848.1321
2020-02-06,765225,177289768826.4376
2020-02-07,865396,178417196310.33414
2020-02-08,709380,180455462436.1386
2020-02-09,695691,184840742312.6477
2020-02-10,703356,179780570081.51404
2020-02-11,885934,187081233587.23752
2020-02-12,822547,188700718413.70303
2020-02-13,815808,186448589139.14264
2020-02-14,741471,188763431392.39105
2020-02-15,736640,180585098507.1185
2020-02-16,655188,181337408895.616
2020-02-17,773751,176455532970.7746
2020-02-18,783570,185808950969.89786
2020-02-19,792783,175632690004.1369
2020-02-20,766448,175247351456.81827
2020-02-21,768521,176865876880.3922
2020-02-22,660812,176399792167.0473
2020-02-23,622397,181843236236.80328
2020-02-24,758122,175937259068.28137
2020-02-25,743278,170415547339.44318
2020-02-26,778003,160483857843.05478
2020-02-27,777389,160137770415.14584
2020-02-28,778213,159636352746.77158
2020-02-29,679597,156577275161.49326
2020-03-01,674209,155860614930.09488
2020-03-02,829550,162527106819.91528
2020-03-03,840712,160036426101.82803
2020-03-04,857423,159827648015.21228
2020-03-05,793221,165435942800.14697
2020-03-06,804945,166995631895.5666
2020-03-07,682432,162471226444.75668
2020-03-08,654911,148086770498.23334
2020-03-09,809850,144207873678.32486
2020-03-10,807778,144468246215.1991
2020-03-11,728889,145017268327.98505
2020-03-12,909601,90594467680.79958
2020-03-13,786409,102812902144.09329
2020-03-14,772769,94005928118.49551
2020-03-15,629326,97913564614.60316
2020-03-16,725120,91604630050.6998
2020-03-17,765477,98992369512.90938
2020-03-18,633373,98555627712.75354
2020-03-19,709786,113387305928.47571
2020-03-20,734614,112858311337.38547
2020-03-21,637554,112898621139.26909
2020-03-22,579901,106596093106.52203
2020-03-23,667486,118595581239.08946
2020-03-24,736233,123884332494.96884
2020-03-25,587460,122336150605.96742
2020-03-26,889704,123528980419.07895
2020-03-27,807651,118719519155.59436
2020-03-28,627230,113993258453.11456
2020-03-29,591287,108023566970.573
2020-03-30,770915,117768692186.59363
2020-03-31,816889,117698734312.41176
2020-04-01,824108,121567284407.78572
2020-04-02,798186,124318508345.33899
2020-04-03,750332,123582214925.00826
2020-04-04,657862,125574021300.844
2020-04-05,596364,124322577425.29263
2020-04-06,780832,133622754419.98604
2020-04-07,938358,131613224221.55472
2020-04-08,760207,135006761796.008
2020-04-09,730620,133691006813.91696
2020-04-10,735297,125650890516.87971
2020-04-11,634944,126092446156.63507
2020-04-12,618062,127854957413.57367
2020-04-13,764583,125761070198.93243
2020-04-14,843493,125994705942.76488
2020-04-15,926278,121426285928.78384
2020-04-16,880665,130646051882.06586
2020-04-17,844316,129806876584.3978
2020-04-18,847811,133146355855.41396
2020-04-19,718815,131096633928.62567
2020-04-20,842251,125665595004.1322
2020-04-21,818062,125992868717.38629
2020-04-22,762361,130648436527.64308
2020-04-23,935989,137354908752.06412
2020-04-24,893187,137695605129.58167
2020-04-25,813456,138282481992.70456
2020-04-26,724250,140980122465.10773
2020-04-27,876229,142707868307.39026
2020-04-28,926669,142583524348.09665
2020-04-29,911617,160802206508.21964
2020-04-30,947585,158808556147.54883
2020-05-01,955523,162552358585.9274
2020-05-02,970554,164803746448.9257
2020-05-03,909805,163344877181.00284
2020-05-04,889636,163089932635.14148
2020-05-05,970464,165015950017.18216
2020-05-06,972369,170192827716.01
2020-05-07,1020443,183562058560.5038
2020-05-08,949216,181109783310.8547
2020-05-09,906900,175946177530.54236
2020-05-10,869262,160123200654.1847
2020-05-11,999192,157871609470.3379
2020-05-12,954129,162025014405.0895
2020-05-13,858458,171325501477.1049
2020-05-14,880861,180121529585.9187
2020-05-15,895670,171410710236.33835
2020-05-16,880534,172678841534.62964
2020-05-17,763444,177960818089.34174
2020-05-18,970423,178783137073.023
2020-05-19,890493,179292877588.71857
2020-05-20,865708,174915846484.68948
2020-05-21,928630,166708415917.14926
2020-05-22,797526,168424610263.70425
2020-05-23,848702,168833062758.50497
2020-05-24,807939,161900721760.63464
2020-05-25,828919,163800615663.85916
2020-05-26,852839,162445913210.84164
2020-05-27,913075,168593394454.698
2020-05-28,866559,175941484285.82523
2020-05-29,852420,173450984634.78247
2020-05-30,902498,178228052044.65002
2020-05-31,801889,173497171389.7032
2020-06-01,870833,187578142707.61475
2020-06-02,899961,174954690421.54974
2020-06-03,950153,177352731439.34332
2020-06-04,884109,180508843644.39648
2020-06-05,918647,177365595706.9578
2020-06-06,771819,177870046318.47617
2020-06-07,690992,179331395772.25357
2020-06-08,986341,179741658882.79865
2020-06-09,910121,179936892008.7327
2020-06-10,909669,181952982732.76926
2020-06-11,1048342,170721091857.55524
